Name,State,Type,Full_Location,Latitude,Longitude,Coal Consumption ,Coal type,Supply,Demand,Distance from plant,Length (km)
Viswa Traders,Andhra Pradesh,Brick Manufacturer,"Room No -1,Genco Gayatri Circle,Genco Gayatri Circle,Masunurupalem,Spsr Nellore, Muttukuru-524344, Andhra Pradesh, India",14.34501577,80.10331382,,,,0,21,
Nagarjuna Cement ACC Fly ash bricks,Andhra Pradesh,Brick Manufacturer,"83XW+F9C, Brahmadevam - Koduru Rd, Andhra Pradesh 524344",14.3560145,80.10556687,,,,0,25,
JR Infra Projects,Andhra Pradesh,Brick Manufacturer,"7/51 Ranganayukulu Peta Masjid Street Nellore Sri Potti Sriramulu, Nellore-524001, Andhra Pradesh, India",14.42577247,79.97142247,,,,0,37,
Malavika cement bricks,Andhra Pradesh,Brick Manufacturer,"near Powergrid, Manubolu, Andhra Pradesh 524405",14.23146874,79.90192557,,,,0,38,
Sri Ramadevi Cement And Flyash Bricks,Andhra Pradesh,Brick Manufacturer,"NH-5, chemudugunta village,venkatachalam mandalam, Nellore, Andhra Pradesh 524004",14.38452559,79.94806812,,,,0,40,
"Eco Earth Bricks and Blocks ,Light weight Bricks, Fly ash Bricks, interlocking Bricks, Earth Blocks, Mud Blocks",Andhra Pradesh,Brick Manufacturer,"near Indian oil petrol pump, Padugupadu, Kovur, Andhra Pradesh 524137",14.50736349,80.02908848,,,,0,40,
SVS Cement & Flyash Bricks,Andhra Pradesh,Brick Manufacturer,"Plot no 53, Wood Complex, near railway gate, Jyothi Nagar, Nellore, Andhra Pradesh 524004",14.40175621,79.95554262,,,,0,41,
Naidu interlock bricks & cement works,Andhra Pradesh,Brick Manufacturer,"Doravarisatram Bridge down, road, beside nelapattu, Doravarichatram, Andhra Pradesh 524126",13.84297519,79.99648417,,,,0,66,
Tanvi Industries,Andhra Pradesh,Brick Manufacturer,"VALLURU DINESH RAM,TANVI INDUSTRIES- SURVEY NO 485-1B, ANUMASAMUDHRAM(V),A S PETA(M), SPSR NELLORE(DT), ANDHRA PRADESH,524304. PH:-9030755813., Nellore-524304, Andhra Pradesh, India",14.68146164,79.66912414,,,,0,87,
Siddha Ash Bricks,Tamil Nadu,Brick Manufacturer,"B.No. 49,S. No. 47, 4/5B, Gopal Reddy Kandigay, Pappan Kuppam, Perungudi, Gummidipoondi, Tiruvallur-601201, Tamil Nadu, India",13.41114355,80.11719611,,,,0,118,
Vallamai Enterprises,Tamil Nadu,Brick Manufacturer,"26, Taluk Office Road, Ponneri, Thiruvallur, Sholavaram, Ponneri, Tiruvallur-601204, Tamil Nadu, India
",13.2355443,80.17626974,,,,0,139,
Deepam Enterprises,Tamil Nadu,Brick Manufacturer,"No. AP, 323A, 8th Sector, 39th Street, Kk Nagar, Chennai-600078, Tamil Nadu, Ind",13.20657627,80.17744496,,,,0,141,
Sri Praveen Enterprises,Tamil Nadu,Brick Manufacturer,"25, Indira Nagar First Main Road, Nanganallur, Chennai-600061, Tamil Nadu, India
",13.13896326,80.18511741,,,,0,151,
Brickbus Technologies Pvt Ltd,Tamil Nadu,Brick Manufacturer,"No.8/3B, Girija Nagar West, Kolathur, Chennai-600099, Tamil Nadu, India",13.12910935,80.21738459,,,,0,152,
Arunachala Interlocking,Tamil Nadu,Brick Manufacturer,"No.41, 10th Street, Kamaraj Nagar,Avadi, Tiruvallur-600071, Tamil Nadu, India
",13.20803314,80.14620637,,,,0,152,
Saligo Conpro Pvt Ltd,Tamil Nadu,Brick Manufacturer,"No.42/96, Paper Mills Road, Perambur, Chennai-600011, Tamil Nadu, India
",13.11753679,80.23674895,,,,0,155,
Ajith Enterprises,Tamil Nadu,Brick Manufacturer,"108, Kalaignar Nagar, Bajanai Kovil Street, Veppampattu, Tiruvallur, Chennai-602024, Tamil Nadu, India",13.17086717,80.29379205,,,,0,158,
Jemi Housing Limited,Tamil Nadu,Brick Manufacturer,"702, Shrinivasa Shelters,Ground Floor, W Block, D Sector, 2nd Street, Chennai-600101, Tamil Nadu, India",13.09304733,80.19740527,,,,0,158,
SRM Bricks & Agri Firm,Tamil Nadu,Brick Manufacturer,"140/2, Monnavedu, Tiruvallur-602021, Tamil Nadu, India
",13.23822044,80.00147606,,,,0,158,
Adhitya Precast Products,Tamil Nadu,Brick Manufacturer,"5b, Spartan Nagar, Mugappair, Aditya Precast Products, Mogappair, Chennai-600037, Tamil Nadu, India",13.08693024,80.18617435,,,,0,159,
K S R Enterprises,Tamil Nadu,Brick Manufacturer,"No-38, Sivan Koil Street, Keelanur, Tiruvallur-602021, Tamil Nadu, India",13.22619983,79.96302391,,,,0,159,
Ashok Concrete,Tamil Nadu,Brick Manufacturer,"Block No. 64, Ten Square ,
Shop No. 304, 2nd Floor,

100 Feet - Jawaharlal Nehru Road,
Koyembedu. Chennai-600107",13.07210824,80.20306585,,,,0,159,
S.E.V. Tiles Company Pvt Ltd,Tamil Nadu,Brick Manufacturer,"No. 10 B, Jawaharlal Nehru Road, 100 Feet Road Opposite To KPN Travels, Near M. M. D. A. Colony Bus Stop, Arumbakkam, Chennai-600106, Tamil Nadu, India
",13.06441229,80.21367232,,,,0,160,
Ever Green Blocks,Tamil Nadu,Brick Manufacturer,"3, Perumal Koil Street, Amaravathi Nagar, Arumbakkam, Chennai, Tamil Nadu 600106",13.0818456,80.22103752,,,,0,160,
Shree Ganesha Enterprises,Tamil Nadu,Brick Manufacturer,"No-10A, Sri Devi Karumariyamman Nagar, Thiruvallur, Chennai-600077, Tamil Nadu, India
",13.0832011,80.21815591,,,,0,161,
Techno Design,Tamil Nadu,Brick Manufacturer,"A14, A.P. Abhinav Apartments Kavimani Salai, Opposite To Viveks Showroom, Mogappair West, Chennai-600037, Tamil Nadu, India
",13.09013916,80.17318449,,,,0,161,
Greenline Eco Product Pvt Ltd,Tamil Nadu,Brick Manufacturer,"14/34, Flat No. G1, Sriram Star Enclave Apartments, 2nd Street Alagiri Nagar, Vadapalani, Chennai-600026, Tamil Nadu, India",13.05856203,80.20657063,,,,0,162,
S. V. Terra Tiles,Tamil Nadu,Brick Manufacturer,"21/28, 3rd Avenue, Ashok Nagar, No. 61, South Sivan Kovil Street, Laxman Sruthi Signal, Vadapalani, Chennai- 600083, Tamil Nadu, India",13.04712957,80.21185074,,,,0,163,
Sastha Build Tech,Tamil Nadu,Brick Manufacturer,"Sastha Build Tech
122/203,Gandhi Road, Tambaram West
Chennai - 600106, Tamil Nadu, India",13.12720567,80.26909856,,,,0,164,
Shri Aswini Bricks Private Limited,Tamil Nadu,Brick Manufacturer,"Sundaracholapuram Rd, Thiruverkadu, Tamil Nadu 600077",13.12345007,80.22886264,,,,0,164,
Green Exotics Landscape Developers,Tamil Nadu,Brick Manufacturer,"First Floor, T-33/3, Gnana Oli Street, Thiru Nagar,Jafferkhanpet, Chennai-600083, Tamil Nadu, India
",13.03241077,80.20599898,,,,0,165,
J K Enterprises,Tamil Nadu,Brick Manufacturer,"Old No.2/34 New No.70F Arcot Road Porur Kanchipuram, Chennai-600116, Tamil Nadu, India",13.04221402,80.16071557,,,,0,166,
Avinash Blocks,Tamil Nadu,Brick Manufacturer,"4/82.1, P.W.D ROAD, Kundrathur, Chennai-600069, Tamil Nadu, India
",13.02609255,80.14707719,,,,0,168,
Arul Bharathi Traders,Tamil Nadu,Brick Manufacturer,"Plot No. 1/1346, Annai Kamala Nagar Main Road, Mugalivakkam, Chennai-600125, Tamil Nadu, India
",13.02457396,80.16729434,,,,0,168,
HM Manufacturer Construction Material Wholesale Supplier,Tamil Nadu,Brick Manufacturer,"No.9a, 1st Street, Masuthi Colony Maduvinkarai, Guindy, Chennai-600032, Tamil Nadu, India
",13.05677795,80.21690364,,,,0,169,
"Chennai Bricks & Blocks - Interlock Concrete bricks, CLC Blocks, Paver blocks, Fly ash bricks",Tamil Nadu,Brick Manufacturer,"Survey No. 61/1, Paraniputhur Bypass, Periapanichery Village, Service Rd, Chennai, Tamil Nadu 600122",13.04101747,80.15519699,,,,0,170,
Chandru Hollow Blocks,Tamil Nadu,Brick Manufacturer,"56, Anna Street, Cowl Bazaar Pallavaram, Kancheepuram, Pozhichalur Moovar Nagar, Chennai-600074, Tamil Nadu, India
",12.99458025,80.15846706,,,,0,172,
Sri Jeyam Bricks,Tamil Nadu,Brick Manufacturer,"No 23A, Yadhaval Street, Pallavaram, Chennai-600043, Tamil Nadu, India",12.9720875,80.16872224,,,,0,175,
Narayanan R,Tamil Nadu,Brick Manufacturer,"No.352, 2nd Mangaliaamman Nagar, Periya Kovilambakkam, Chennai-600129, Tamil Nadu, India",12.94904299,80.19447224,,,,0,177,
SA Enterprises,Tamil Nadu,Brick Manufacturer,,12.99736372,80.11913645,,,,0,177,
SA Enterprises,Tamil Nadu,Brick Manufacturer,"First Floor, No.7/466, G.s.t Road, Pallavaram, Chennai, Chennai-600043, Tamil Nadu, India
",13.11641547,80.1281499,,,,0,178,
Evergreen Building Products P. Ltd | Flyash bricks manufacture in chennai,Tamil Nadu,Brick Manufacturer,"600062, Kundrathur - Sriperumbudur Rd, Nandambakkam, Chennai, Tamil Nadu 600069",12.99615885,80.20036564,,,,0,178,
VL flyash interlocking Bricks,Tamil Nadu,Brick Manufacturer,"Erikarai St, Alappakam, Alapakkam, New Perungalathur, Chennai, Sadhanathapuram, Tamil Nadu 600063",12.90811445,80.19418208,,,,0,184,
Beeram light weight bricks manufactur & sales and delivery service బీరం లైట్ వెయిట్ బ్రిక్స్ తయారీ సంస్థ,Tamil Nadu,Brick Manufacturer,"Kummarakottalu, opposite Water tank, Kummarakottalu, Bhumayapalle, Andhra Pradesh 516203",14.74340282,78.91766797,,,,0,190,
Annai Flyash Bricks-Flyash Bricks Dealers|Suppliers|Manufacturers|Tiruvallur|Sriperumbudur|Sunguvarchatram|Chennai,Tamil Nadu,Brick Manufacturer,"Back side of Annai solid blocks, No 233/4, Kilacheri, Tamil Nadu 631402",13.07482443,79.97224411,,,,0,190,
Akshitha Enterprises,Tamil Nadu,Brick Manufacturer,"1st Floor, No 1/207E 482, 7th Street Periyar Nagar,Vellakkal, Near Murugan Store, Medavakkam, Chengalpattu, Chennai-600100, Tamil Nadu, India
",12.96402742,80.17610252,,,,0,191,
SRP Blue Metal,Tamil Nadu,Brick Manufacturer,"No 19A/4, No 19A/4, Near SFRI Office, Thiruvallur Street Anna Nagar, Kolapakkam-600048
",12.87368596,80.10182733,,,,0,192,
Sri Aathi Hardwares,Tamil Nadu,Brick Manufacturer,"No.1/202, Padappai Main Road, Madambakkam , Kancheepuram, Nandivaram-Guduvancheri, Chengalpattu-603202, Tamil Nadu, India",12.89050255,80.0125756,,,,0,194,
Lahari Industries,Andhra Pradesh,Brick Manufacturer,"S.Y.No.112, Chinthakommadinne Mandal, Utukar Village, YSR, Chintakommadinne, Kadapa-516003, Andhra Pradesh, India
",14.50798104,78.78707882,,,,,184,
Sri jayakrishna cement bricks industry,Andhra Pradesh,Brick Manufacturer,"S.NO, 483/2A, Indiramma Colony, Kamalapuram, Andhra Pradesh 516289",14.6001553,78.67385991,,,,,199,
Beeram Bricks Industries,Andhra Pradesh,Brick Manufacturer,"S No 293 Bhumayapalle Khajipeta YSR, Mydukur, Kadapa-516203, Andhra Pradesh, India
",14.73803061,78.74553676,,,,,189,
Lohitha Flyash Brick Industries,Andhra Pradesh,Brick Manufacturer,"763/1,Yerraguntla Road,Potladurthi Bus Stop,Potladurthi,Potladurthi,Ysr, Proddatur, Cuddapah-516361, Andhra Pradesh, Indi",14.80118433,78.58017241,,,,,205,
Sri Lakshmi Narasimha Swamy Fly Ash Bricks,Andhra Pradesh,Brick Manufacturer,"Sy No 483-1,Chowdur,Chowdur,Ysr, Proddatur, Kadapa-516361, Andhra Pradesh, India
",14.75864968,78.52226186,,,,,212,
Sahil Bricks Industries,Andhra Pradesh,Brick Manufacturer,"Survey No 326/2,Proddatur Road,Yerraguntla,Ysr, Yerraguntla, Kadapa-516309, Andhra Pradesh, India
",14.65307032,78.54380869,,,,,217,
King Fly Ash Bricks Industries,Andhra Pradesh,Brick Manufacturer,,14.48138272,78.79158188,,,,,182,
Baba Fly Aash Brick Industries,Andhra Pradesh,Brick Manufacturer,"Plot No 90 And 91,Industrial Development Area Beside Mani Way Bridge,Kadapa,Ysr, Kadapa-516001, Andhra Pradesh, India
",14.78952069,78.73244493,,,,,186,
SPN Enterprises,Andhra Pradesh,Brick Manufacturer,"Ramesh Nagar,No.1, Thiruneer, Mali Road West,Tambaram, Chennai, Sanatorium Kamatchi Nagar, Chennai-600045, Tamil Nadu, India
",12.93984162,80.1066099,,,,,183,
"Mahesh Bricks industry & paver blocks,",Andhra Pradesh,Brick Manufacturer,"19-3-7/A/501, Thallapaka Towers, Renigunta Road, Chittoor, Tirupati-517501, Andhra Pradesh, India
",13.65271345,79.35082508,,,,,132,
Iconic Bricks,Andhra Pradesh,Brick Manufacturer,"6-1-239 Varadaraja Nagar, Tirupati-517501, Andhra Pradesh, India
",13.64516054,79.41761945,,,,,125,
Revathi Bricks,Andhra Pradesh,Brick Manufacturer,"8-11 9-8 Keelagaram Village,Narayanavanam, Chittoor, Narayanavanam-517581, Andhra Pradesh, India
",13.43105498,79.58695808,,,,,140,
Jeepalem Chandra Mouli Reddy bricks,Andhra Pradesh,Brick Manufacturer,"Survey No 467/2,Thukivakam,Renigunta To Thukivakam Road,Thukivakam Sivalayam,Thukivakam Sivalayam,Ga, Renigunta, Chittoor-517520, Andhra Pradesh, India
",13.64803735,79.49226076,,,,,120,
"GK CC BLOCKS,",Andhra Pradesh,Brick Manufacturer,"19-3-1/B38,Postal Colony,Rr Nagar,Postal Colony,Tirupati,Tirupati, Tirupati-517501, Andhra Pradesh, India
",13.64999904,79.57231334,,,,,118,
Parameswara Constructions,Andhra Pradesh,Brick Manufacturer,"Survey No.104/3b,104/4b, Chennai Road, Near MGM Petrol Bunk, Srikalahasti, Chittoor-517640, Andhra Pradesh, India
",13.76556715,79.76852324,,,,,95,
Sree Venkataramana Flyash Bricks,Andhra Pradesh,Brick Manufacturer,"Sy No 184/2c,Kurnool Road,Marrichetlapalem,Budhawada,Ongole,Prakasam, Chimakurthy-523226, Andhra Pradesh, India
",15.57118646,80.03291792,,,,,166,
Vejaya Saai Granites,Andhra Pradesh,Brick Manufacturer,"Jagarlamudi Rd, Martur, Andhra Pradesh 523301",16.23746253,80.56720949,,,,,226,
Gopi Krishna Cement Bricks,Andhra Pradesh,Brick Manufacturer,"Flat No- 75c,Singarayakonda Village,Singarayakonda Mandal,Prakasam, Singarayakonda-523101, Andhra Pradesh, India
",15.26633865,80.02763409,,,,,138,
DAWOO BRICKS,Tamil Nadu,Brick Manufacturer,"Dawoo bricks, Buggaletipalle, Andhra Pradesh 516003",14.43670396,78.83984529,,,,0,205,
A1 Bricks-fly ash brick|Manufacturers in Chennai|Eco Friendly Brick|Solid Blocks|Hollow Block|Suppliers|Chennai,Tamil Nadu,Brick Manufacturer,"SF NO 297, Sengundram Rd, VILLAGE MELROSAPURAM POST, Singaperumal Koil, Maraimalai Nagar, Tamil Nadu 603204",12.78150233,80.19882189,,,,0,205,
TTL Flyash Bricks-Flyash Bricks|Concrete Block|Solid Blocks|Manufacturing|Kelambakkam|Tambaram|Vandalur|Chennai|,Tamil Nadu,Brick Manufacturer,"No 20 chinnamanagar,thaiyur village, Chengalpattu, Tamil Nadu 603103",12.81004373,80.24798264,,,,0,209,
Lakshmi AAC Blocks,Tamil Nadu,Brick Manufacturer,"236, Laxmi Enclave, Near Gajera School, Katargam, Surat-395004",13.32927189,79.82553751,,,,0,210,
Unotek Building Products Pvt. Ltd. - AAC Blocks,Tamil Nadu,Brick Manufacturer,"Plot No 165, YSR Jagananna, MIH, Kopparthi, Yadavapuram, Andhra Pradesh 516002",14.50963581,78.74159059,,,,0,211,
ANT Group Of Companies,Tamil Nadu,Brick Manufacturer,"210/1A2, 211/3, 212/2, Thiruporur Taluk, Perunthandalam Village, Thiruporur, Kancheepuram, Chengalpattu-603108, Tamil Nadu, India
",12.73491612,80.24202033,,,,0,214,
Tanuja's Interlocking Plant,Tamil Nadu,Brick Manufacturer,"SF.No.546/5C, Pillaiyar Koil Street, Goodanagaram, Vellore, Bosepet, Gudiyattam-635806, Tamil Nadu, India
",12.91143183,78.87018711,,,,0,234,
Cubecrete AAC Products Private Limited,Tamil Nadu,Brick Manufacturer,,12.73236338,79.68143461,,,,0,236,
Swasthika Constructions,Tamil Nadu,Brick Manufacturer,"159,Eripattai Street,Vengundram Digamber Jain Temple,Vengunam, Vandavasi, Tiruvannamalai-604408, Tamil Nadu, India",12.52661992,79.59830233,,,,0,253,
Sri Venkata Triveni Cement Concrete Works,Tamil Nadu,Brick Manufacturer,"Behind Saibaba Temple ,Nowluru Village Mangalagiri Mandala, Andhra Pradesh 522503",16.4872322,80.63776096,,,,0,303,
"Cement & Fly Ash Bricks Manufacturers, Vijayawada",Tamil Nadu,Brick Manufacturer,"plot. no.865, 2, Mustabad Main Rd, beside Ramakrishna Marbles, near Andhra Jyothi, Ramavarapadu, Vijayawada, Andhra Pradesh 521212",16.70575209,80.73123995,,,,0,322,
TRUMBOO INDUSTRIES PVT LTD,JAMMU AND KASHMIR,Cement,"TRUMBOO INDUSTRIES PVT LTD, JAMMU AND KASHMIR, India",33.91667,76.66667,,,,0,,
CONTINENTAL CEMENT INDUSTRIES,JAMMU AND KASHMIR,Cement,"CONTINENTAL CEMENT INDUSTRIES, JAMMU AND KASHMIR, India",33.91667,76.66667,,,,0,,
H K CEMENT INDUSTRIES PRIVATE LIMITED,JAMMU AND KASHMIR,Cement,"H K CEMENT INDUSTRIES PRIVATE LIMITED, JAMMU AND KASHMIR, India",33.91667,76.66667,,,,0,,
J & K CEMENT CORPORATION,JAMMU AND KASHMIR,Cement,"J & K CEMENT CORPORATION, JAMMU AND KASHMIR, India",33.91667,76.66667,,,,0,,
JAMMU &AMP;AMP;AMP;AMP; KASHMIR CEMENT LTD.,JAMMU AND KASHMIR,Cement,"JAMMU &AMP;AMP;AMP;AMP; KASHMIR CEMENT LTD., JAMMU AND KASHMIR, India",34.50344,-82.65013,,,,0,,
KAMDHENU CEMENT LTD.,JAMMU AND KASHMIR,Cement,"KAMDHENU CEMENT LTD., JAMMU AND KASHMIR, India",33.91667,76.66667,,,,0,,
KHYBER INDUSTRIES PVT LTD,JAMMU AND KASHMIR,Cement,"KHYBER INDUSTRIES PVT LTD, JAMMU AND KASHMIR, India",33.91667,76.66667,,,,0,,
SHIVA INDUSTRIES,JAMMU AND KASHMIR,Cement,"SHIVA INDUSTRIES, JAMMU AND KASHMIR, India",33.91667,76.66667,,,,0,,
SHIVALIK CEMENT INDUSTRIES,JAMMU AND KASHMIR,Cement,"SHIVALIK CEMENT INDUSTRIES, JAMMU AND KASHMIR, India",33.91667,76.66667,,,,0,,
SHRI RAM INDUSTRIES - UDHAMPUR,JAMMU AND KASHMIR,Cement,"SHRI RAM INDUSTRIES - UDHAMPUR, JAMMU AND KASHMIR, India",32.92431,75.13573,,,,0,,
UMA CEMENT INDUSTRIES,JAMMU AND KASHMIR,Cement,"UMA CEMENT INDUSTRIES, JAMMU AND KASHMIR, India",33.91667,76.66667,,,,0,,
VALLEY CEMENT INDUSTRIES,JAMMU AND KASHMIR,Cement,"VALLEY CEMENT INDUSTRIES, JAMMU AND KASHMIR, India",33.91667,76.66667,,,,0,,
AMBUJA CEMENTS LTD (UNIT: DARLAGHAT),HIMACHAL PRADESH,Cement,"AMBUJA CEMENTS LTD (UNIT: DARLAGHAT), HIMACHAL PRADESH, India",31.91667,77.25,,,,0,,
AMBUJA CEMENTS LTD (UNIT: NALAGARH)( (G),HIMACHAL PRADESH,Cement,"AMBUJA CEMENTS LTD (UNIT: NALAGARH)( (G), HIMACHAL PRADESH, India",31.91667,77.25,,,,0,,
AMBUJA CEMENTS LTD (UNIT: RAURI),HIMACHAL PRADESH,Cement,"AMBUJA CEMENTS LTD (UNIT: RAURI), HIMACHAL PRADESH, India",31.91667,77.25,,,,0,,
ASIAN CONCRETES CEMENT LTD,HIMACHAL PRADESH,Cement,"ASIAN CONCRETES CEMENT LTD, HIMACHAL PRADESH, India",31.91667,77.25,,,,0,,
BAGA CEMENT WORKS,HIMACHAL PRADESH,Cement,"BAGA CEMENT WORKS, HIMACHAL PRADESH, India",31.91667,77.25,,,,0,,
BAGHERI CEMENT WORKS,HIMACHAL PRADESH,Cement,"BAGHERI CEMENT WORKS, HIMACHAL PRADESH, India",31.91667,77.25,,,,0,,
CEMENT CORPORATION OF INDIA LTD- RAJBAN,HIMACHAL PRADESH,Cement,"CEMENT CORPORATION OF INDIA LTD- RAJBAN, HIMACHAL PRADESH, India",31.91667,77.25,,,,0,,
GAGAL CEMENT WORKS-I,HIMACHAL PRADESH,Cement,"GAGAL CEMENT WORKS-I, HIMACHAL PRADESH, India",31.91667,77.25,,,,0,,
GAGAL CEMENT WORKS-II,HIMACHAL PRADESH,Cement,"GAGAL CEMENT WORKS-II, HIMACHAL PRADESH, India",31.91667,77.25,,,,0,,
AMBUJA CEMENTS LTD (UNIT: BHATINDA) (G),PUNJAB,Cement,"AMBUJA CEMENTS LTD (UNIT: BHATINDA) (G), PUNJAB, India",30.91667,75.41667,,,,0,,
AMBUJA CEMENTS LTD (UNIT: ROPAR) (G),PUNJAB,Cement,"AMBUJA CEMENTS LTD (UNIT: ROPAR) (G), PUNJAB, India",30.91667,75.41667,,,,0,,
KHEMUANA CEMENT PRIVATE LIMITED,PUNJAB,Cement,"KHEMUANA CEMENT PRIVATE LIMITED, PUNJAB, India",30.91667,75.41667,,,,0,,
NEW CENTURY CEMENT COMPANY,PUNJAB,Cement,"NEW CENTURY CEMENT COMPANY, PUNJAB, India",30.91667,75.41667,,,,0,,
RAJPURA CEMENT WORKS,PUNJAB,Cement,"RAJPURA CEMENT WORKS, PUNJAB, India",30.91667,75.41667,,,,0,,
RAJPURA CEMENT WORKS,PUNJAB,Cement,"RAJPURA CEMENT WORKS, PUNJAB, India",30.91667,75.41667,,,,0,,
ULTRATECH- BATHINDA CEMENT WORKS,PUNJAB,Cement,"ULTRATECH- BATHINDA CEMENT WORKS, PUNJAB, India",30.91667,75.41667,,,,0,,
VARDHAMAN INFRATECH COMPANY,PUNJAB,Cement,"VARDHAMAN INFRATECH COMPANY, PUNJAB, India",30.91667,75.41667,,,,0,,
AMBUJA CEMENTS LTD (UNIT: ROORKEE) (G),UTTARAKHAND,Cement,"AMBUJA CEMENTS LTD (UNIT: ROORKEE) (G), UTTARAKHAND, India",30.25,79.25,,,,0,,
ROORKEE CEMENT WORKS,UTTARAKHAND,Cement,"ROORKEE CEMENT WORKS, UTTARAKHAND, India",30.25,79.25,,,,0,,
SHREE CEMENT LTD- ROORKEE,UTTARAKHAND,Cement,"SHREE CEMENT LTD- ROORKEE, UTTARAKHAND, India",29.86313,77.89126,,,,0,,
CEMENT CORPORATION OF INDIA LTD-CHAKHI DADRI,HARYANA,Cement,"CEMENT CORPORATION OF INDIA LTD-CHAKHI DADRI, HARYANA, India",28.5963,76.27092,,,,0,,
J.K. CEMENT WORKS,HARYANA,Cement,"J.K. CEMENT WORKS,  JHARLI, India",28.50623,76.37441,,,,0,,
JHAJJAR GRINDING UNIT,HARYANA,Cement,"JHAJJAR GRINDING UNIT, HARYANA, India",29.25,76.33333,,,,0,,
JK LAKSHMI CEMENT LTD- JHARLI,HARYANA,Cement,"JK LAKSHMI CEMENT LTD- JHARLI, HARYANA, India",28.50623,76.37441,,,,0,,
NUVOCO VISTAS CORP. LTD. - BHIWANI CEMENT PLANT,HARYANA,Cement,"NUVOCO VISTAS CORP. LTD. - BHIWANI CEMENT PLANT, HARYANA, India",29.25,76.33333,,,,0,,
SHREE CEMENT - UNIT PANIPAT,HARYANA,Cement,"SHREE CEMENT - UNIT PANIPAT, HARYANA, India",29.39005,76.96949,,,,0,,
ULTRA TECH CEMENT LTD.-JHAJJAR,HARYANA,Cement,"ULTRA TECH CEMENT LTD.-JHAJJAR, HARYANA, India",28.6063,76.6565,,,,0,,
ULTRATECH - PANIPAT CEMENT WORKS,HARYANA,Cement,"ULTRATECH - PANIPAT CEMENT WORKS, HARYANA, India",29.25,76.33333,,,,0,,
CEMENT CORPORATION OF INDIA LTD-DELHI,DELHI,Cement,"CEMENT CORPORATION OF INDIA LTD-DELHI, DELHI, India",28.65381,77.22897,,,,0,,
DPIIT DUMMY PLANT,DELHI,Cement,"DPIIT DUMMY PLANT, DELHI, India",28.65381,77.22897,,,,0,,
ADITYA CEMENT,RAJASTHAN,Cement,"ADITYA CEMENT, RAJASTHAN, India",26.58333,73.83333,,,,0,,
AGARWAL MIN CHEM LTD,RAJASTHAN,Cement,"AGARWAL MIN CHEM LTD, RAJASTHAN, India",26.58333,73.83333,,,,0,,
AMBUJA CEMENTS LIMITED- UNIT- MARWAR MUNDWA,RAJASTHAN,Cement,"AMBUJA CEMENTS LIMITED- UNIT- MARWAR MUNDWA, RAJASTHAN, India",27.0631,73.82304,,,,0,,
AMBUJA CEMENTS LTD (UNIT: RABRIYAWAS),RAJASTHAN,Cement,"AMBUJA CEMENTS LTD (UNIT: RABRIYAWAS), RAJASTHAN, India",26.58333,73.83333,,,,0,,
AMBUSH CEMENT PVT. LTD.,RAJASTHAN,Cement,"AMBUSH CEMENT PVT. LTD., RAJASTHAN, India",26.58333,73.83333,,,,0,,
ASTHA CEMENT PVT LTD,RAJASTHAN,Cement,"ASTHA CEMENT PVT LTD, RAJASTHAN, India",26.58333,73.83333,,,,0,,
BANGUR CEMENT UNIT (A UNIT OF SHREE CEMENT LIMITED),RAJASTHAN,Cement,"BANGUR CEMENT UNIT (A UNIT OF SHREE CEMENT LIMITED), RAJASTHAN, India",26.58333,73.83333,,,,0,,
BIRLA CEMENT WORKS - CHANDERIA CEMENT WORKS,RAJASTHAN,Cement,"BIRLA CEMENT WORKS - CHANDERIA CEMENT WORKS, RAJASTHAN, India",26.58333,73.83333,,,,0,,
GREAT INDIA CEMENT PVT. LTD.,RAJASTHAN,Cement,"GREAT INDIA CEMENT PVT. LTD., RAJASTHAN, India",26.58333,73.83333,,,,0,,
J.K. CEMENT WORKS,RAJASTHAN,Cement,"J.K. CEMENT WORKS,  GOTAN (Grey), India",26.65551,73.7371,,,,0,,
J.K. CEMENT WORKS,Gujarat,Cement,"J.K. CEMENT WORKS,  MANGROL, India",21.12268,70.11484,,,,0,,
J.K. CEMENT WORKS,RAJASTHAN,Cement,"J.K. CEMENT WORKS,  NIMBAHERA, India",24.62166,74.67999,,,,0,,
J.K. WHITE CEMENT WORKS,Gujarat,Cement,"J.K. WHITE CEMENT WORKS,  GOTAN (White), India",26.65551,73.7371,,,,0,,
JAY SHREE KRIPA CEMENT PVT. LTD.,RAJASTHAN,Cement,"JAY SHREE KRIPA CEMENT PVT. LTD., RAJASTHAN, India",26.58333,73.83333,,,,0,,
JCL CEMENT PVT LTD,RAJASTHAN,Cement,"JCL CEMENT PVT LTD, RAJASTHAN, India",26.58333,73.83333,,,,0,,
JINDAL SHAKTI CEMENT,RAJASTHAN,Cement,"JINDAL SHAKTI CEMENT, RAJASTHAN, India",26.58333,73.83333,,,,0,,
JK LAKSHMI CEMENT LTD,RAJASTHAN,Cement,"JK LAKSHMI CEMENT LTD, RAJASTHAN, India",26.58333,73.83333,,,,0,,
JK LAKSHMI CEMENT LTD (ALWAR),RAJASTHAN,Cement,"JK LAKSHMI CEMENT LTD (ALWAR), RAJASTHAN, India",26.58333,73.83333,,,,0,,
JK LAKSHMI CEMENT LTD- SIROHI,RAJASTHAN,Cement,"JK LAKSHMI CEMENT LTD- SIROHI, RAJASTHAN, India",24.88838,72.84794,,,,0,,
JSK CEMENT PVT. LTD,RAJASTHAN,Cement,"JSK CEMENT PVT. LTD, RAJASTHAN, India",26.58333,73.83333,,,,0,,
LAKHERI CEMENT WORKS,RAJASTHAN,Cement,"LAKHERI CEMENT WORKS, RAJASTHAN, India",25.671099,76.189418,,,,0,,
MANGALAM CEMENT LTD,RAJASTHAN,Cement,"MANGALAM CEMENT LTD, RAJASTHAN, India",26.58333,73.83333,,,,0,,
NIMBAHERA INTEGRATED PLANT,RAJASTHAN,Cement,"NIMBAHERA INTEGRATED PLANT, RAJASTHAN, India",26.58333,73.83333,,,,0,,
NUVOCO VISTAS CORP LTD. - NIMBOL,RAJASTHAN,Cement,"NUVOCO VISTAS CORP LTD. - NIMBOL, RAJASTHAN, India",26.58333,73.83333,,,,0,,
NUVOCO VISTAS CORP. LTD. - CHITTOR CEMENT PLANT,RAJASTHAN,Cement,"NUVOCO VISTAS CORP. LTD. - CHITTOR CEMENT PLANT, RAJASTHAN, India",26.58333,73.83333,,,,0,,
PALI CEMENT WORKS (PLCW),RAJASTHAN,Cement,"PALI CEMENT WORKS (PLCW), RAJASTHAN, India",26.58333,73.83333,,,,0,,
RAS NEW CEMENT UNIT (A UNIT OF SHREE CEMENT LTD.),RAJASTHAN,Cement,"RAS NEW CEMENT UNIT (A UNIT OF SHREE CEMENT LTD.),  RAS, India",26.30588,74.19595,,,,0,,
ROCK STONE CEMENT INDIA PRIVATE LIMITED,RAJASTHAN,Cement,"ROCK STONE CEMENT INDIA PRIVATE LIMITED, RAJASTHAN, India",26.58333,73.83333,,,,0,,
SAKARNI PLASTER(INDIA) PVT. LTD.,RAJASTHAN,Cement,"SAKARNI PLASTER(INDIA) PVT. LTD., RAJASTHAN, India",26.58333,73.83333,,,,0,,
SHEKHAWATI CEMENT,RAJASTHAN,Cement,"SHEKHAWATI CEMENT, RAJASTHAN, India",26.58333,73.83333,,,,0,,
SHREE CEMENT LTD - JAIPUR,RAJASTHAN,Cement,"SHREE CEMENT LTD - JAIPUR, RAJASTHAN, India",26.91962,75.78781,,,,0,,
SHREE CEMENT LTD- KHUSHKHERA,RAJASTHAN,Cement,"SHREE CEMENT LTD- KHUSHKHERA, RAJASTHAN, India",26.58333,73.83333,,,,0,,
SHREE CEMENT LTD- RAS,RAJASTHAN,Cement,"SHREE CEMENT LTD- RAS, RAJASTHAN, India",26.30588,74.19595,,,,0,,
SHREE CEMENT LTD- SURATGARH,RAJASTHAN,Cement,"SHREE CEMENT LTD- SURATGARH, RAJASTHAN, India",29.3215,73.89979,,,,0,,
SHREE CEMENT LTD,RAJASTHAN,Cement,"SHREE CEMENT LTD,  NAWALGARH, India",27.85161,75.27384,,,,0,,
SHREE CEMENT LTD.- BEAWAR,RAJASTHAN,Cement,"SHREE CEMENT LTD.- BEAWAR, RAJASTHAN, India",26.10119,74.32028,,,,0,,
SHRIRAM CEMENT WORKS,RAJASTHAN,Cement,"SHRIRAM CEMENT WORKS, RAJASTHAN, India",26.58333,73.83333,,,,0,,
SUNRISE CEMENT INDUSTRIES,RAJASTHAN,Cement,"SUNRISE CEMENT INDUSTRIES, RAJASTHAN, India",26.58333,73.83333,,,,0,,
SUPER ULTRA CEMENT GS PVT LTD,RAJASTHAN,Cement,"SUPER ULTRA CEMENT GS PVT LTD, RAJASTHAN, India",26.58333,73.83333,,,,0,,
TARUN INDUSTRIES,RAJASTHAN,Cement,"TARUN INDUSTRIES, RAJASTHAN, India",26.58333,73.83333,,,,0,,
THE INDIA CEMENTS LTD- TRINETRA,RAJASTHAN,Cement,"THE INDIA CEMENTS LTD- TRINETRA, RAJASTHAN, India",26.58333,73.83333,,,,0,,
TRINETRA CEMENT LIMITED,RAJASTHAN,Cement,"TRINETRA CEMENT LIMITED, RAJASTHAN, India",26.58333,73.83333,,,,0,,
UDAIPUR CEMENT WORKS LIMITED,RAJASTHAN,Cement,"UDAIPUR CEMENT WORKS LIMITED, RAJASTHAN, India",26.58333,73.83333,,,,0,,
ULTRA TECH CEMENT LTD.-BIRLA WHITE,RAJASTHAN,Cement,"ULTRA TECH CEMENT LTD.-BIRLA WHITE, RAJASTHAN, India",26.58333,73.83333,,,,0,,
ULTRATECH- ADITYA CEMENT WORKS,RAJASTHAN,Cement,"ULTRATECH- ADITYA CEMENT WORKS, RAJASTHAN, India",24.764821,74.607573,,,,0,,
ULTRATECH- KOTPUTLI CEMENT WORKS,RAJASTHAN,Cement,"ULTRATECH- KOTPUTLI CEMENT WORKS, RAJASTHAN, India",26.58333,73.83333,,,,0,,
ULTRATECH NATHDWARA CEMENT LTD - SIKAR,RAJASTHAN,Cement,"ULTRATECH NATHDWARA CEMENT LTD - SIKAR, RAJASTHAN, India",27.61206,75.13996,,,,0,,
ULTRATECH NATHDWARA CEMENT LTD - SIROHI,RAJASTHAN,Cement,"ULTRATECH NATHDWARA CEMENT LTD - SIROHI, RAJASTHAN, India",24.88838,72.84794,,,,0,,
WONDER CEMENT LTD,RAJASTHAN,Cement,"WONDER CEMENT LTD, RAJASTHAN, India",26.58333,73.83333,,,,0,,
ALIGARH GRINDING UNIT,UTTAR PRADESH,Cement,"ALIGARH GRINDING UNIT, UTTAR PRADESH, India",27.25,80.75,,,,0,,
AMBUJA CEMENTS LTD (UNIT: DADRI) (G),UTTAR PRADESH,Cement,"AMBUJA CEMENTS LTD (UNIT: DADRI) (G), UTTAR PRADESH, India",27.25,80.75,,,,0,,
BARA CEMENT WORKS,UTTAR PRADESH,Cement,"BARA CEMENT WORKS, UTTAR PRADESH, India",27.25,80.75,,,,0,,
BIRLA CEMENT - RAEBARELI CEMENT WORKS,UTTAR PRADESH,Cement,"BIRLA CEMENT - RAEBARELI CEMENT WORKS, UTTAR PRADESH, India",27.25,80.75,,,,0,,
BOKHARA PALACE PVT LTD,UTTAR PRADESH,Cement,"BOKHARA PALACE PVT LTD, UTTAR PRADESH, India",27.25,80.75,,,,0,,
DALLA CEMENT WORKS,UTTAR PRADESH,Cement,"DALLA CEMENT WORKS, UTTAR PRADESH, India",27.25,80.75,,,,0,,
DIAMOND INDUSTRIES,UTTAR PRADESH,Cement,"DIAMOND INDUSTRIES, UTTAR PRADESH, India",27.25,80.75,,,,0,,
DLVK CEMENT PVT. LTD.,UTTAR PRADESH,Cement,"DLVK CEMENT PVT. LTD., UTTAR PRADESH, India",27.25,80.75,,,,0,,
ELEPHANT CEMENTS PRIVATE LIMITED,UTTAR PRADESH,Cement,"ELEPHANT CEMENTS PRIVATE LIMITED, UTTAR PRADESH, India",27.25,80.75,,,,0,,
GALLANTT INDUSTRY PRIVATE LIMITED,UTTAR PRADESH,Cement,"GALLANTT INDUSTRY PRIVATE LIMITED, UTTAR PRADESH, India",27.25,80.75,,,,0,,
GALLANTT INDUSTRY PRIVATE LIMITED,UTTAR PRADESH,Cement,"GALLANTT INDUSTRY PRIVATE LIMITED, UTTAR PRADESH, India",27.25,80.75,,,,0,,
GANPATI ADVISORY LIMITED,UTTAR PRADESH,Cement,"GANPATI ADVISORY LIMITED, UTTAR PRADESH, India",27.25,80.75,,,,0,,
HEIDELBERG CEMENT INDIA LTD- JHANSI,UTTAR PRADESH,Cement,"HEIDELBERG CEMENT INDIA LTD- JHANSI, UTTAR PRADESH, India",25.45446,78.58221,,,,0,,
J.K. CEMENT WORKS,UTTAR PRADESH,Cement,"J.K. CEMENT WORKS,  ALIGARH, India",27.88334,78.07475,,,,0,,
J.K. CEMENT WORKS,UTTAR PRADESH,Cement,"J.K. CEMENT WORKS,  HAMIRPUR, India",25.75,80,,,,0,,
JAI LAXMI CEMENT COMPANY PVT. LTD.,UTTAR PRADESH,Cement,"JAI LAXMI CEMENT COMPANY PVT. LTD., UTTAR PRADESH, India",27.25,80.75,,,,0,,
JAYKAYCEM (CENTRAL) WORKS,UTTAR PRADESH,Cement,"JAYKAYCEM (CENTRAL) WORKS,  HAMIRPUR, India",25.75,80,,,,0,,
JAYPEE CEMENT - SADVA KHURD,UTTAR PRADESH,Cement,"JAYPEE CEMENT - SADVA KHURD, UTTAR PRADESH, India",27.25,80.75,,,,0,,
JAYPEE CEMENT- CHUNAR,UTTAR PRADESH,Cement,"JAYPEE CEMENT- CHUNAR, UTTAR PRADESH, India",25.12909,82.8836,,,,0,,
JAYPEE CHURK INDUSTRIAL COMPLEX,UTTAR PRADESH,Cement,"JAYPEE CHURK INDUSTRIAL COMPLEX, UTTAR PRADESH, India",27.25,80.75,,,,0,,
JK CEMENT WORKS,UTTAR PRADESH,Cement,"JK CEMENT WORKS,  PRAYAGRAJ, India",22,79,,,,0,,
KANODIA CEM PRIVATE LIMITED,UTTAR PRADESH,Cement,"KANODIA CEM PRIVATE LIMITED, UTTAR PRADESH, India",27.25,80.75,,,,0,,
MALVIKA CEMENT,UTTAR PRADESH,Cement,"MALVIKA CEMENT, UTTAR PRADESH, India",27.25,80.75,,,,0,,
MARCE CEMENT WORKS LTD.,UTTAR PRADESH,Cement,"MARCE CEMENT WORKS LTD., UTTAR PRADESH, India",27.25,80.75,,,,0,,
MAYFLEX CEMENT INDUSTRIES PVT. LTD.,UTTAR PRADESH,Cement,"MAYFLEX CEMENT INDUSTRIES PVT. LTD., UTTAR PRADESH, India",27.25,80.75,,,,0,,
RCCPL PRIVATE LIMITED,UTTAR PRADESH,Cement,"RCCPL PRIVATE LIMITED,  KUNDANGANJ, India",26.39598,81.1396,,,,0,,
SHREE AGRA CEMENT PLANT (A UNIT OF SHREE CEMENT EAST PVT.LTD.),UTTAR PRADESH,Cement,"SHREE AGRA CEMENT PLANT (A UNIT OF SHREE CEMENT EAST PVT.LTD.), UTTAR PRADESH, India",27.25,80.75,,,,0,,
SIKANDRABAD CEMENT WORKS,UTTAR PRADESH,Cement,"SIKANDRABAD CEMENT WORKS, UTTAR PRADESH, India",27.25,80.75,,,,0,,
T.T.S.CEMENT,UTTAR PRADESH,Cement,"T.T.S.CEMENT, UTTAR PRADESH, India",27.25,80.75,,,,0,,
TANDA CEMENT WORKS,UTTAR PRADESH,Cement,"TANDA CEMENT WORKS, UTTAR PRADESH, India",27.25,80.75,,,,0,,
TIKARIA CEMENT WORKS,UTTAR PRADESH,Cement,"TIKARIA CEMENT WORKS, UTTAR PRADESH, India",27.25,80.75,,,,0,,
UDDYAM CEMENT PRIVATE LIMITED,UTTAR PRADESH,Cement,"UDDYAM CEMENT PRIVATE LIMITED, UTTAR PRADESH, India",27.25,80.75,,,,0,,
ULTRATECH- ALIGARH CEMENT WORKS,UTTAR PRADESH,Cement,"ULTRATECH- ALIGARH CEMENT WORKS, UTTAR PRADESH, India",27.25,80.75,,,,0,,
ULTRATECH- DADRI CEMENT WORKS,UTTAR PRADESH,Cement,"ULTRATECH- DADRI CEMENT WORKS, UTTAR PRADESH, India",27.25,80.75,,,,0,,
UP GRINDING UNIT - BULANDSHAHR,UTTAR PRADESH,Cement,"UP GRINDING UNIT - BULANDSHAHR, UTTAR PRADESH, India",28.40296,77.85824,,,,0,,
BHABHUA GRINDING UNIT,BIHAR,Cement,"BHABHUA GRINDING UNIT, BIHAR, India",25.75,85.75,,,,0,,
BIHAR CEMENT PLANT (A UNIT OF SHREE CEMENT LTD.),BIHAR,Cement,"BIHAR CEMENT PLANT (A UNIT OF SHREE CEMENT LTD.),  AURANGABAD, India",24.75,84.5,,,,0,,
HIMALAYAHEIGHT CEMENT PVT. LTD.,BIHAR,Cement,"HIMALAYAHEIGHT CEMENT PVT. LTD., BIHAR, India",25.75,85.75,,,,0,,
KALYANPUR CEMENTS LTD,BIHAR,Cement,"KALYANPUR CEMENTS LTD, BIHAR, India",25.75,85.75,,,,0,,
NEW BIHAR CEMENT PLANT (A UNIT OF SHREE CEMENT LTD.),BIHAR,Cement,"NEW BIHAR CEMENT PLANT (A UNIT OF SHREE CEMENT LTD.),  AURANGABAD, India",24.75,84.5,,,,0,,
ROCKHILL HI-TECH CEMENT PRIVATE LIMITED,BIHAR,Cement,"ROCKHILL HI-TECH CEMENT PRIVATE LIMITED, BIHAR, India",25.75,85.75,,,,0,,
ROHTAS CEMENT WORKS,BIHAR,Cement,"ROHTAS CEMENT WORKS, BIHAR, India",25.75,85.75,,,,0,,
SHIVAY CEMENT PVT LTD,BIHAR,Cement,"SHIVAY CEMENT PVT LTD, BIHAR, India",25.75,85.75,,,,0,,
SHIVAY CEMENT PVT LTD.,BIHAR,Cement,"SHIVAY CEMENT PVT LTD., BIHAR, India",25.75,85.75,,,,0,,
ULTRA TECH CEMENT LTD.-PATLIPUTRA CEMENT WORKS,BIHAR,Cement,"ULTRA TECH CEMENT LTD.-PATLIPUTRA CEMENT WORKS, BIHAR, India",25.75,85.75,,,,0,,
ADHUNIK CEMENT LTD,MEGHALAYA,Cement,"ADHUNIK CEMENT LTD, MEGHALAYA, India",25.5,91.33333,,,,0,,
GOLDSTONE CEMENTS LTD,MEGHALAYA,Cement,"GOLDSTONE CEMENTS LTD, MEGHALAYA, India",25.5,91.33333,,,,0,,
GREEN VALLIEY INDUSTRIES LIMITED,MEGHALAYA,Cement,"GREEN VALLIEY INDUSTRIES LIMITED, MEGHALAYA, India",25.5,91.33333,,,,0,,
HM CEMENTS PRIVATE LIMITED,MEGHALAYA,Cement,"HM CEMENTS PRIVATE LIMITED, MEGHALAYA, India",25.5,91.33333,,,,0,,
JUD CEMENTS LTD,MEGHALAYA,Cement,"JUD CEMENTS LTD, MEGHALAYA, India",25.5,91.33333,,,,0,,
MAWMLUH CHERRA CEMENTS LTD,MEGHALAYA,Cement,"MAWMLUH CHERRA CEMENTS LTD, MEGHALAYA, India",25.5,91.33333,,,,0,,
MEGHALAYA CEMENTS LTD.,MEGHALAYA,Cement,"MEGHALAYA CEMENTS LTD., MEGHALAYA, India",25.5,91.33333,,,,0,,
RNB CEMENTS (P) LTD,MEGHALAYA,Cement,"RNB CEMENTS (P) LTD, MEGHALAYA, India",25.5,91.33333,,,,0,,
STAR CEMENT LIMITED - MEGHA T & E LTD,MEGHALAYA,Cement,"STAR CEMENT LIMITED - MEGHA T & E LTD, MEGHALAYA, India",25.5,91.33333,,,,0,,
STAR CEMENT LIMITED - MEGHALAYA,MEGHALAYA,Cement,"STAR CEMENT LIMITED - MEGHALAYA, MEGHALAYA, India",25.5,91.33333,,,,0,,
ADITI INDUSTRIES,ASSAM,Cement,"ADITI INDUSTRIES, ASSAM, India",26,93,,,,0,,
ALSTHOM INDUSTRIES LTD.,ASSAM,Cement,"ALSTHOM INDUSTRIES LTD., ASSAM, India",26,93,,,,0,,
BARAK VALLEY CEMENTS LTD,ASSAM,Cement,"BARAK VALLEY CEMENTS LTD, ASSAM, India",26,93,,,,0,,
CEMENT CORPORATION OF INDIA LTD- BOKAJAN,ASSAM,Cement,"CEMENT CORPORATION OF INDIA LTD- BOKAJAN, ASSAM, India",26.02131,93.77945,,,,0,,
DALMIA CEMENT (NORTH EAST) LIMITED,ASSAM,Cement,"DALMIA CEMENT (NORTH EAST) LIMITED, ASSAM, India",26,93,,,,0,,
K R ASSOCIATES,ASSAM,Cement,"K R ASSOCIATES, ASSAM, India",26,93,,,,0,,
KD CEMENTS,ASSAM,Cement,"KD CEMENTS, ASSAM, India",26,93,,,,0,,
LANGMILI CEMENTS PRIVATE LIMITED,ASSAM,Cement,"LANGMILI CEMENTS PRIVATE LIMITED, ASSAM, India",26,93,,,,0,,
PURBANCHAL CEMENT LIMITED,ASSAM,Cement,"PURBANCHAL CEMENT LIMITED, ASSAM, India",26,93,,,,0,,
SHIVSHAKTI CEMENTS,ASSAM,Cement,"SHIVSHAKTI CEMENTS, ASSAM, India",26,93,,,,0,,
STAR CEMENT LIMITED - GUWAHATI,ASSAM,Cement,"STAR CEMENT LIMITED - GUWAHATI, ASSAM, India",26.1844,91.7458,,,,0,,
STAR CEMENT NORTH EAST LTD (A DIVISION OF STAR CEMENT LTD),ASSAM,Cement,"STAR CEMENT NORTH EAST LTD (A DIVISION OF STAR CEMENT LTD), ASSAM, India",26,93,,,,0,,
ACC LTD. DAMODHAR CEMENT WORKS,WEST BENGAL,Cement,"ACC LTD. DAMODHAR CEMENT WORKS, WEST BENGAL, India",24,88,,,,0,,
AMBUJA CEMENTS LTD (UNIT: FARAKKA) (G),WEST BENGAL,Cement,"AMBUJA CEMENTS LTD (UNIT: FARAKKA) (G), WEST BENGAL, India",24,88,,,,0,,
AMBUJA CEMENTS LTD (UNIT: SANKRAIL) (G),WEST BENGAL,Cement,"AMBUJA CEMENTS LTD (UNIT: SANKRAIL) (G), WEST BENGAL, India",24,88,,,,0,,
BHARAT HITECH(CEMENTS)PVT. LTD. - PURULIA,WEST BENGAL,Cement,"BHARAT HITECH(CEMENTS)PVT. LTD. - PURULIA, WEST BENGAL, India",23.33062,86.36303,,,,0,,
BIRLA- DURGA HITECH CEMENT,WEST BENGAL,Cement,"BIRLA- DURGA HITECH CEMENT, WEST BENGAL, India",24,88,,,,0,,
BIRLA- DURGAPUR CEMENT WORKS,WEST BENGAL,Cement,"BIRLA- DURGAPUR CEMENT WORKS, WEST BENGAL, India",24,88,,,,0,,
JAGDAMBA INDUSTRIES LIMITED,WEST BENGAL,Cement,"JAGDAMBA INDUSTRIES LIMITED, WEST BENGAL, India",24,88,,,,0,,
JSW CEMENT LTD-SALBONI,WEST BENGAL,Cement,"JSW CEMENT LTD-SALBONI, WEST BENGAL, India",24,88,,,,0,,
MA CHANDI DURGA CEMENT PVT LTD,WEST BENGAL,Cement,"MA CHANDI DURGA CEMENT PVT LTD, WEST BENGAL, India",24,88,,,,0,,
NUVOCO VISTAS CORP LTD. - MEJIA CEMENT PLANT,WEST BENGAL,Cement,"NUVOCO VISTAS CORP LTD. - MEJIA CEMENT PLANT, WEST BENGAL, India",24,88,,,,0,,
OCL INDIA LTD- MEDINPUR,WEST BENGAL,Cement,"OCL INDIA LTD- MEDINPUR, WEST BENGAL, India",24,88,,,,0,,
PANAGARH GRINDING UNIT,WEST BENGAL,Cement,"PANAGARH GRINDING UNIT, WEST BENGAL, India",24,88,,,,0,,
SHAKTI UDYOG,WEST BENGAL,Cement,"SHAKTI UDYOG, WEST BENGAL, India",24,88,,,,0,,
SHREE PURULIA CEMENT PLANT,WEST BENGAL,Cement,"SHREE PURULIA CEMENT PLANT, WEST BENGAL, India",24,88,,,,0,,
SHREEGOAPL CONCRETE CEMENT PVT LTD,WEST BENGAL,Cement,"SHREEGOAPL CONCRETE CEMENT PVT LTD, WEST BENGAL, India",24,88,,,,0,,
SHRISTI CEMENT LTD,WEST BENGAL,Cement,"SHRISTI CEMENT LTD, WEST BENGAL, India",24,88,,,,0,,
SILIGURI GRINDING UNIT (A UNIT OF STAR CEMENT LTD),WEST BENGAL,Cement,"SILIGURI GRINDING UNIT (A UNIT OF STAR CEMENT LTD), WEST BENGAL, India",24,88,,,,0,,
SKG CEMENT PVT. LTD.,WEST BENGAL,Cement,"SKG CEMENT PVT. LTD., WEST BENGAL, India",24,88,,,,0,,
SONAR BANGLA CEMENT,WEST BENGAL,Cement,"SONAR BANGLA CEMENT, WEST BENGAL, India",24,88,,,,0,,
SRIJAN CEMENTS LIMITED,WEST BENGAL,Cement,"SRIJAN CEMENTS LIMITED, WEST BENGAL, India",24,88,,,,0,,
THE RAMCO CEMENTS LTD- KOLAGHAT,WEST BENGAL,Cement,"THE RAMCO CEMENTS LTD- KOLAGHAT, WEST BENGAL, India",22.43333,87.86667,,,,0,,
TOP-TECH CEMENT CO. PVT. LTD,WEST BENGAL,Cement,"TOP-TECH CEMENT CO. PVT. LTD, WEST BENGAL, India",24,88,,,,0,,
ULTRA TECH CEMENT LTD.-DANKUNI CEMENT WORKS,WEST BENGAL,Cement,"ULTRA TECH CEMENT LTD.-DANKUNI CEMENT WORKS, WEST BENGAL, India",24,88,,,,0,,
ULTRATECH- WEST BENGAL CEMENT WORKS,WEST BENGAL,Cement,"ULTRATECH- WEST BENGAL CEMENT WORKS, WEST BENGAL, India",24,88,,,,0,,
BURNPUR CEMENT LIMITED,JHARKHAND,Cement,"BURNPUR CEMENT LIMITED, JHARKHAND, India",23.75,85.5,,,,0,,
CHAIBASA CEMENT WORKS,JHARKHAND,Cement,"CHAIBASA CEMENT WORKS, JHARKHAND, India",23.75,85.5,,,,0,,
DALMIA CEMENT EAST LIMITED - BAKARO,JHARKHAND,Cement,"DALMIA CEMENT EAST LIMITED - BAKARO, JHARKHAND, India",23.75,85.5,,,,0,,
NUVOCO VISTAS CORP. LTD.- JOJOBERA CEMENT PLANT,JHARKHAND,Cement,"NUVOCO VISTAS CORP. LTD.- JOJOBERA CEMENT PLANT, JHARKHAND, India",23.75,85.5,,,,0,,
PATRATU CEMENT WORKS,JHARKHAND,Cement,"PATRATU CEMENT WORKS, JHARKHAND, India",23.75,85.5,,,,0,,
RUNGTA MINES LIMITED. CHALIYAMA STEEL PLANT,JHARKHAND,Cement,"RUNGTA MINES LIMITED. CHALIYAMA STEEL PLANT, JHARKHAND, India",23.75,85.5,,,,0,,
SHREE CEMENT LTD - JHARKHAND,JHARKHAND,Cement,"SHREE CEMENT LTD - JHARKHAND, JHARKHAND, India",23.75,85.5,,,,0,,
SINDRI CEMENT WORKS,JHARKHAND,Cement,"SINDRI CEMENT WORKS, JHARKHAND, India",23.75,85.5,,,,0,,
SRI DURGA CEMENT COMPANY LIMITED,JHARKHAND,Cement,"SRI DURGA CEMENT COMPANY LIMITED, JHARKHAND, India",23.75,85.5,,,,0,,
BURNPUR CEMENT LIMITED,JHARKHAND,Cement,"BURNPUR CEMENT LIMITED, JHARKHAND, India",23.75,85.5,,,,0,,
CHAIBASA CEMENT WORKS,JHARKHAND,Cement,"CHAIBASA CEMENT WORKS, JHARKHAND, India",23.75,85.5,,,,0,,
DALMIA CEMENT EAST LIMITED - BAKARO,JHARKHAND,Cement,"DALMIA CEMENT EAST LIMITED - BAKARO, JHARKHAND, India",23.75,85.5,,,,0,,
NUVOCO VISTAS CORP. LTD.- JOJOBERA CEMENT PLANT,JHARKHAND,Cement,"NUVOCO VISTAS CORP. LTD.- JOJOBERA CEMENT PLANT, JHARKHAND, India",23.75,85.5,,,,0,,
PATRATU CEMENT WORKS,JHARKHAND,Cement,"PATRATU CEMENT WORKS, JHARKHAND, India",23.75,85.5,,,,0,,
RUNGTA MINES LIMITED. CHALIYAMA STEEL PLANT,JHARKHAND,Cement,"RUNGTA MINES LIMITED. CHALIYAMA STEEL PLANT, JHARKHAND, India",23.75,85.5,,,,0,,
SHREE CEMENT LTD - JHARKHAND,JHARKHAND,Cement,"SHREE CEMENT LTD - JHARKHAND, JHARKHAND, India",23.75,85.5,,,,0,,
SINDRI CEMENT WORKS,JHARKHAND,Cement,"SINDRI CEMENT WORKS, JHARKHAND, India",23.75,85.5,,,,0,,
SRI DURGA CEMENT COMPANY LIMITED,JHARKHAND,Cement,"SRI DURGA CEMENT COMPANY LIMITED, JHARKHAND, India",23.75,85.5,,,,0,,
BARGARH CEMENT WORKS,ODISHA,Cement,"BARGARH CEMENT WORKS, ODISHA, India",21.371184,83.616488,,,,0,,
CHARIOT STEEL AND POWER PVT LTD,ODISHA,Cement,"CHARIOT STEEL AND POWER PVT LTD, ODISHA, India",20.5,84.41667,,,,0,,
CUTTACK CEMENT WORKS,ODISHA,Cement,"CUTTACK CEMENT WORKS, ODISHA, India",20.5,84.41667,,,,0,,
DALMIA DSP - CUTTACK,ODISHA,Cement,"DALMIA DSP - CUTTACK, ODISHA, India",20.5,86.25,,,,0,,
JAJPUR CEMENT PLANT,ODISHA,Cement,"JAJPUR CEMENT PLANT, ODISHA, India",20.5,84.41667,,,,0,,
JAJPUR CEMENTS PRIVATE LIMITED,ODISHA,Cement,"JAJPUR CEMENTS PRIVATE LIMITED, ODISHA, India",20.5,84.41667,,,,0,,
JINDAL STEEL ODISHA LIMITED,ODISHA,Cement,"JINDAL STEEL ODISHA LIMITED, ODISHA, India",20.5,84.41667,,,,0,,
JK LAKSHMI CEMENT LTD,ODISHA,Cement,"JK LAKSHMI CEMENT LTD, ODISHA, India",20.5,84.41667,,,,0,,
JSW CEMENT LTD- JAJPUR,ODISHA,Cement,"JSW CEMENT LTD- JAJPUR, ODISHA, India",20.84852,86.33729,,,,0,,
OCL INDIA LTD- KAPILAS,ODISHA,Cement,"OCL INDIA LTD- KAPILAS, ODISHA, India",20.5,84.41667,,,,0,,
OCL INDIA LTD- RAJGANGPUR,ODISHA,Cement,"OCL INDIA LTD- RAJGANGPUR, ODISHA, India",22.2,84.583,,,,0,,
ODISHA CEMENT PLANT (A UNIT OF SHREE CEMENT LTD.),ODISHA,Cement,"ODISHA CEMENT PLANT (A UNIT OF SHREE CEMENT LTD.), ODISHA, India",20.5,84.41667,,,,0,,
ODISHA GRINDING PLANT,ODISHA,Cement,"ODISHA GRINDING PLANT, ODISHA, India",20.5,84.41667,,,,0,,
SHIVA CEMENT LIMITED,ODISHA,Cement,"SHIVA CEMENT LIMITED, ODISHA, India",20.5,84.41667,,,,0,,
SITA CEMENT LIMITED,ODISHA,Cement,"SITA CEMENT LIMITED, ODISHA, India",20.5,84.41667,,,,0,,
SITA CEMENT LTD,ODISHA,Cement,"SITA CEMENT LTD, ODISHA, India",20.5,84.41667,,,,0,,
TOSHALI CEMENTS PVT LTD - CHOUDWAR,ODISHA,Cement,"TOSHALI CEMENTS PVT LTD - CHOUDWAR, ODISHA, India",20.5,84.41667,,,,0,,
TOSHALI CEMENTS PVT. LTD - KORAPUT,ODISHA,Cement,"TOSHALI CEMENTS PVT. LTD - KORAPUT, ODISHA, India",19,83,,,,0,,
ULTRATECH- JHARSUGUDA CEMENT WORKS,ODISHA,Cement,"ULTRATECH- JHARSUGUDA CEMENT WORKS, ODISHA, India",20.5,84.41667,,,,0,,
ADITYA CEMENT,CHHATTISGARH,Cement,"ADITYA CEMENT, CHHATTISGARH, India",21.5,82,,,,0,,
AMBUJA CEMENTS LTD (UNIT: BHATAPARA II),CHHATTISGARH,Cement,"AMBUJA CEMENTS LTD (UNIT: BHATAPARA II), CHHATTISGARH, India",21.5,82,,,,0,,
AMBUJA CEMENTS LTD (UNIT: BHATAPARA),CHHATTISGARH,Cement,"AMBUJA CEMENTS LTD (UNIT: BHATAPARA), CHHATTISGARH, India",21.5,82,,,,0,,
CEMENT CORPORATION OF INDIA LTD-AKALTARA,CHHATTISGARH,Cement,"CEMENT CORPORATION OF INDIA LTD-AKALTARA, CHHATTISGARH, India",22.0253,82.42689,,,,0,,
CENTRAL CEMENT INDUSTRIES,CHHATTISGARH,Cement,"CENTRAL CEMENT INDUSTRIES, CHHATTISGARH, India",21.5,82,,,,0,,
CENTURY CEMENT,CHHATTISGARH,Cement,"CENTURY CEMENT, CHHATTISGARH, India",21.5,82,,,,0,,
JAMUL CEMENT WORKS,CHHATTISGARH,Cement,"JAMUL CEMENT WORKS, CHHATTISGARH, India",21.5,82,,,,0,,
JAYPEE CEMENT - BHILAI,CHHATTISGARH,Cement,"JAYPEE CEMENT - BHILAI, CHHATTISGARH, India",21.183411,81.361728,,,,0,,
JK LAKSHMI CEMENT LTD - DURG,CHHATTISGARH,Cement,"JK LAKSHMI CEMENT LTD - DURG, CHHATTISGARH, India",21.372824,81.449478,,,,0,,
LAXMAN CEMENT PRIVATE LIMITED,CHHATTISGARH,Cement,"LAXMAN CEMENT PRIVATE LIMITED, CHHATTISGARH, India",21.5,82,,,,0,,
NU VISTA LTD.- RISDA,CHHATTISGARH,Cement,"NU VISTA LTD.- RISDA, CHHATTISGARH, India",21.5,82,,,,0,,
NUVOCO VISTAS CORP LTD.- ARASMETA CEMENT PLANT,CHHATTISGARH,Cement,"NUVOCO VISTAS CORP LTD.- ARASMETA CEMENT PLANT, CHHATTISGARH, India",21.5,82,,,,0,,
NUVOCO VISTAS CORP LTD.- SONADIH CEMENT PLANT,CHHATTISGARH,Cement,"NUVOCO VISTAS CORP LTD.- SONADIH CEMENT PLANT, CHHATTISGARH, India",21.5,82,,,,0,,
RANVEER CEMENT PRIVATE LIMITED,CHHATTISGARH,Cement,"RANVEER CEMENT PRIVATE LIMITED, CHHATTISGARH, India",21.5,82,,,,0,,
SHRI RAM INDUSTRIES - RAJNANDGAON,CHHATTISGARH,Cement,"SHRI RAM INDUSTRIES - RAJNANDGAON, CHHATTISGARH, India",21.5,82,,,,0,,
ULTRATECH - HIRMI CEMENT WORKS,CHHATTISGARH,Cement,"ULTRATECH - HIRMI CEMENT WORKS, CHHATTISGARH, India",21.5,82,,,,0,,
ULTRATECH - RAWAN CEMENT WORKS,CHHATTISGARH,Cement,"ULTRATECH - RAWAN CEMENT WORKS, CHHATTISGARH, India",21.5,82,,,,0,,
ULTRATECH CEMENT LTD. UNIT: KUKURDIH CEMENT WORKS,CHHATTISGARH,Cement,"ULTRATECH CEMENT LTD. UNIT: KUKURDIH CEMENT WORKS, CHHATTISGARH, India",21.5,82,,,,0,,
AMETHA CEMENT WORKS,MADHYA PRADESH,Cement,"AMETHA CEMENT WORKS, MADHYA PRADESH, India",23.5,78.5,,,,0,,
BADNAWAR GRINDING UNIT,MADHYA PRADESH,Cement,"BADNAWAR GRINDING UNIT, MADHYA PRADESH, India",23.5,78.5,,,,0,,
BELA CEMENT WORKS,MADHYA PRADESH,Cement,"BELA CEMENT WORKS, MADHYA PRADESH, India",23.5,78.5,,,,0,,
BIRLA VIKAS &AMP;AMP;AMP; SATNA CEMENT WORKS,MADHYA PRADESH,Cement,"BIRLA VIKAS &AMP;AMP;AMP; SATNA CEMENT WORKS, MADHYA PRADESH, India",23.5,78.5,,,,0,,
CALDERYS INDIA REFRACTORIES LIMITED,MADHYA PRADESH,Cement,"CALDERYS INDIA REFRACTORIES LIMITED, MADHYA PRADESH, India",23.5,78.5,,,,0,,
CEMENT CORPORATION OF INDIA LTD- NAYAGAON,MADHYA PRADESH,Cement,"CEMENT CORPORATION OF INDIA LTD- NAYAGAON, MADHYA PRADESH, India",25.89453,77.1486,,,,0,,
CEMENT CORPORATION OF INDIA LTD-MANDHAR,MADHYA PRADESH,Cement,"CEMENT CORPORATION OF INDIA LTD-MANDHAR, MADHYA PRADESH, India",23.5,78.5,,,,0,,
CREATIVE HOUSEWARES PVT. LTD,MADHYA PRADESH,Cement,"CREATIVE HOUSEWARES PVT. LTD, MADHYA PRADESH, India",23.5,78.5,,,,0,,
DHAR CEMENT WORKS,MADHYA PRADESH,Cement,"DHAR CEMENT WORKS, MADHYA PRADESH, India",23.5,78.5,,,,0,,
HEIDELBERG CEMENT INDIA LTD- DAMOH,MADHYA PRADESH,Cement,"HEIDELBERG CEMENT INDIA LTD- DAMOH, MADHYA PRADESH, India",23.83653,79.44134,,,,0,,
J.K. CEMENT WORKS,MADHYA PRADESH,Cement,"J.K. CEMENT WORKS, MADHYA PRADESH, India",23.5,78.5,,,,0,,
J.K. WHITE,MADHYA PRADESH,Cement,"J.K. WHITE, MADHYA PRADESH, India",23.5,78.5,,,,0,,
JAYKAYCEM CENTRAL LTD.,MADHYA PRADESH,Cement,"JAYKAYCEM CENTRAL LTD., MADHYA PRADESH, India",23.5,78.5,,,,0,,
JAYPEE CEMENT - REWA,MADHYA PRADESH,Cement,"JAYPEE CEMENT - REWA, MADHYA PRADESH, India",24.563498,81.170057,,,,0,,
JAYPEE CEMENT - BHILAI (CLK),MADHYA PRADESH,Cement,"JAYPEE CEMENT - BHILAI (CLK), MADHYA PRADESH, India",23.5,78.5,,,,0,,
JAYPEE NIGRIE CEMENT GRINDING UNIT (JNCGU),MADHYA PRADESH,Cement,"JAYPEE NIGRIE CEMENT GRINDING UNIT (JNCGU), MADHYA PRADESH, India",23.5,78.5,,,,0,,
JK CEMENT WORKS,MADHYA PRADESH,Cement,"JK CEMENT WORKS, MADHYA PRADESH, India",23.5,78.5,,,,0,,
K. J. S. CEMENT LTD,MADHYA PRADESH,Cement,"K. J. S. CEMENT LTD, MADHYA PRADESH, India",23.5,78.5,,,,0,,
KYMORE CEMENT WORKS,MADHYA PRADESH,Cement,"KYMORE CEMENT WORKS, MADHYA PRADESH, India",23.5,78.5,,,,0,,
M/S JABALPUR CEMENT INDUSTRIES PVT LTD,MADHYA PRADESH,Cement,"M/S JABALPUR CEMENT INDUSTRIES PVT LTD, MADHYA PRADESH, India",23.5,78.5,,,,0,,
MAGMAA TMT INDUSTRIES INDIA PVT LTD,MADHYA PRADESH,Cement,"MAGMAA TMT INDUSTRIES INDIA PVT LTD, MADHYA PRADESH, India",23.5,78.5,,,,0,,
MAIHAR CEMENT AND MAIHAR CEMENT-UNIT 2,MADHYA PRADESH,Cement,"MAIHAR CEMENT AND MAIHAR CEMENT-UNIT 2, MADHYA PRADESH, India",23.5,78.5,,,,0,,
PANNA,MADHYA PRADESH,Cement,"PANNA, MADHYA PRADESH, India",24.449893,80.146272,,,,0,,
PRISM CEMENT LTD. - I,MADHYA PRADESH,Cement,"PRISM CEMENT LTD. - I, MADHYA PRADESH, India",23.5,78.5,,,,0,,
RCCPL PRIVATE LIMITED,MADHYA PRADESH,Cement,"RCCPL PRIVATE LIMITED, MADHYA PRADESH, India",23.5,78.5,,,,0,,
RCCPL PRIVATE LIMITED,MADHYA PRADESH,Cement,"RCCPL PRIVATE LIMITED, MADHYA PRADESH, India",23.5,78.5,,,,0,,
SAGAR CEMENTS PRIVATE LIMITED,MADHYA PRADESH,Cement,"SAGAR CEMENTS PRIVATE LIMITED, MADHYA PRADESH, India",23.5,78.5,,,,0,,
SIDHI CEMENT WORKS,MADHYA PRADESH,Cement,"SIDHI CEMENT WORKS, MADHYA PRADESH, India",23.5,78.5,,,,0,,
ULTRATECH- VIKRAM CEMENT WORKS,MADHYA PRADESH,Cement,"ULTRATECH- VIKRAM CEMENT WORKS, MADHYA PRADESH, India",23.5,78.5,,,,0,,
VS INDUSTRIES,MADHYA PRADESH,Cement,"VS INDUSTRIES, MADHYA PRADESH, India",23.5,78.5,,,,0,,
K K MINERALS INDUSTRIES,GUJARAT,Cement,"K K MINERALS INDUSTRIES, GUJARAT, India",23,71.75,,,,0,,
AADI CEMENTS PVT LTD,GUJARAT,Cement,"AADI CEMENTS PVT LTD, GUJARAT, India",23,71.75,,,,0,,
ADANI CEMENT INDUSTRIES LIMITED-DAHEJ,GUJARAT,Cement,"ADANI CEMENT INDUSTRIES LIMITED-DAHEJ, GUJARAT, India",21.7119,72.59113,,,,0,,
AMBUJA CEMENTS LTD (UNIT: AMBUJA NAGAR),GUJARAT,Cement,"AMBUJA CEMENTS LTD (UNIT: AMBUJA NAGAR), GUJARAT, India",23,71.75,,,,0,,
AMBUJA CEMENTS LTD (UNIT: MAGDALLA) (G),GUJARAT,Cement,"AMBUJA CEMENTS LTD (UNIT: MAGDALLA) (G), GUJARAT, India",23,71.75,,,,0,,
HI-BOND CEMENT (INDIA) PVT LTD,GUJARAT,Cement,"HI-BOND CEMENT (INDIA) PVT LTD, GUJARAT, India",23,71.75,,,,0,,
J.K. CEMENT WORKS,GUJARAT,Cement,"J.K. CEMENT WORKS, GUJARAT, India",23,71.75,,,,0,,
JK LAKSHMI CEMENT LTD- KALOL,GUJARAT,Cement,"JK LAKSHMI CEMENT LTD- KALOL, GUJARAT, India",22.60777,73.46272,,,,0,,
KASHI SALES CORPORATION,GUJARAT,Cement,"KASHI SALES CORPORATION, GUJARAT, India",23,71.75,,,,0,,
M/S JK LAKSHMI CEMENT LIMITED,GUJARAT,Cement,"M/S JK LAKSHMI CEMENT LIMITED, GUJARAT, India",23,71.75,,,,0,,
M/S. JK LAKSHMI CEMENT LIMITED,GUJARAT,Cement,"M/S. JK LAKSHMI CEMENT LIMITED, GUJARAT, India",23,71.75,,,,0,,
MAHARAJA INTERNATIONAL,GUJARAT,Cement,"MAHARAJA INTERNATIONAL, GUJARAT, India",23,71.75,,,,0,,
NEW KISHAN CEMENT PVT LTD,GUJARAT,Cement,"NEW KISHAN CEMENT PVT LTD, GUJARAT, India",23,71.75,,,,0,,
RAYMOND CEMENT INDUSTRIES,GUJARAT,Cement,"RAYMOND CEMENT INDUSTRIES, GUJARAT, India",23,71.75,,,,0,,
S.A.L. STEEL LIMITED,GUJARAT,Cement,"S.A.L. STEEL LIMITED, GUJARAT, India",23,71.75,,,,0,,
SANGHI INDUSTRIES LTD,GUJARAT,Cement,"SANGHI INDUSTRIES LTD, GUJARAT, India",23,71.75,,,,0,,
SAURASHTRA CEMENT LTD,GUJARAT,Cement,"SAURASHTRA CEMENT LTD, GUJARAT, India",23,71.75,,,,0,,
SHREE DIGVIJAY CEMENT CO. LTD,GUJARAT,Cement,"SHREE DIGVIJAY CEMENT CO. LTD, GUJARAT, India",23,71.75,,,,0,,
SHREE GANESH CONCRETE PVT LTD,GUJARAT,Cement,"SHREE GANESH CONCRETE PVT LTD, GUJARAT, India",23,71.75,,,,0,,
SHREE GANESH CONCRETE PVT LTD.,GUJARAT,Cement,"SHREE GANESH CONCRETE PVT LTD., GUJARAT, India",23,71.75,,,,0,,
SHREE GHANTAKARNA MAHAVIR CEMENT PVT. LTD.,GUJARAT,Cement,"SHREE GHANTAKARNA MAHAVIR CEMENT PVT. LTD., GUJARAT, India",23,71.75,,,,0,,
TATACHEMICALS LTD,GUJARAT,Cement,"TATACHEMICALS LTD, GUJARAT, India",23,71.75,,,,0,,
TULSIGAM GRINDING UNIT,GUJARAT,Cement,"TULSIGAM GRINDING UNIT, GUJARAT, India",23,71.75,,,,0,,
ULTRA TECH CEMENT LTD.-SEWAGRAM CEMENT WORKS,GUJARAT,Cement,"ULTRA TECH CEMENT LTD.-SEWAGRAM CEMENT WORKS, GUJARAT, India",23,71.75,,,,0,,
ULTRA TECH CEMENT LTD.-WANAKBORI,GUJARAT,Cement,"ULTRA TECH CEMENT LTD.-WANAKBORI, GUJARAT, India",23,71.75,,,,0,,
ULTRATECH - GUJARAT CEMENT WORKS,GUJARAT,Cement,"ULTRATECH - GUJARAT CEMENT WORKS, GUJARAT, India",23,71.75,,,,0,,
ULTRATECH - JAFRABAD CEMENTWORKS,GUJARAT,Cement,"ULTRATECH - JAFRABAD CEMENTWORKS, GUJARAT, India",23,71.75,,,,0,,
ULTRATECH - MAGDALLA CEMENT WORKS,GUJARAT,Cement,"ULTRATECH - MAGDALLA CEMENT WORKS, GUJARAT, India",23,71.75,,,,0,,
VADRAJ CEMENT LTD.,GUJARAT,Cement,"VADRAJ CEMENT LTD., GUJARAT, India",,,,,,0,,
VIKAS ENTERPRISE,GUJARAT,Cement,"VIKAS ENTERPRISE, GUJARAT, India",23,71.75,,,,0,,
AA ENERGY LIMITED,MAHARASHTRA,Cement,"AA ENERGY LIMITED, MAHARASHTRA, India",19.5,76,,,,0,,
AMBUJA CEMENTS LTD (UNIT: MARATHA),MAHARASHTRA,Cement,"AMBUJA CEMENTS LTD (UNIT: MARATHA), MAHARASHTRA, India",19.5,76,,,,0,,
CHANDA CEMENT WORKS,MAHARASHTRA,Cement,"CHANDA CEMENT WORKS, MAHARASHTRA, India",19.5,76,,,,0,,
DALMIA CEMENT (BHARAT) LIMITED,MAHARASHTRA,Cement,"DALMIA CEMENT (BHARAT) LIMITED, MAHARASHTRA, India",19.5,76,,,,0,,
DHULE CEMENT WORK,MAHARASHTRA,Cement,"DHULE CEMENT WORK, MAHARASHTRA, India",19.5,76,,,,0,,
DHULE GRINDING UNIT,MAHARASHTRA,Cement,"DHULE GRINDING UNIT, MAHARASHTRA, India",19.5,76,,,,0,,
JANTA CEMENT INDUSTRIES,MAHARASHTRA,Cement,"JANTA CEMENT INDUSTRIES, MAHARASHTRA, India",19.5,76,,,,0,,
JSW CEMENT LTD - BANDRA,MAHARASHTRA,Cement,"JSW CEMENT LTD - BANDRA, MAHARASHTRA, India",19.07715,72.86036,,,,0,,
JSW CEMENT LTD - DOLVI,MAHARASHTRA,Cement,"JSW CEMENT LTD - DOLVI, MAHARASHTRA, India",19.5,76,,,,0,,
MAHARASHTRA CEMENT PLANT ( A UNIT OF SHREE CEMENT LTD.),MAHARASHTRA,Cement,"MAHARASHTRA CEMENT PLANT ( A UNIT OF SHREE CEMENT LTD.), MAHARASHTRA, India",19.5,76,,,,0,,
MANIKGARH CEMENT AND MANIKGARH CEMENT UNIT-II,MAHARASHTRA,Cement,"MANIKGARH CEMENT AND MANIKGARH CEMENT UNIT-II, MAHARASHTRA, India",19.5,76,,,,0,,
NATIONAL CEMENT COMPANY,MAHARASHTRA,Cement,"NATIONAL CEMENT COMPANY, MAHARASHTRA, India",19.5,76,,,,0,,
NAVI MUMBAI CEMENT UNITE (PACKING TERMINAL),MAHARASHTRA,Cement,"NAVI MUMBAI CEMENT UNITE (PACKING TERMINAL), MAHARASHTRA, India",19.5,76,,,,0,,
ORIENT CEMENT LIMITED - JALGAON,MAHARASHTRA,Cement,"ORIENT CEMENT LIMITED - JALGAON, MAHARASHTRA, India",21.01009,75.56843,,,,0,,
PENNA CEMENT INDUSTRIES LTD-KANGAON,MAHARASHTRA,Cement,"PENNA CEMENT INDUSTRIES LTD-KANGAON, MAHARASHTRA, India",20.00649,74.13357,,,,0,,
RCCPL PRIVATE LIMITED,MAHARASHTRA,Cement,"RCCPL PRIVATE LIMITED, MAHARASHTRA, India",19.5,76,,,,0,,
RECON CEMENTS PVT LTD,MAHARASHTRA,Cement,"RECON CEMENTS PVT LTD, MAHARASHTRA, India",19.5,76,,,,0,,
RELIANCE CEMENT COMPANY PRIVATE LIMITED,MAHARASHTRA,Cement,"RELIANCE CEMENT COMPANY PRIVATE LIMITED, MAHARASHTRA, India",19.5,76,,,,0,,
SOLAPUR GRINDING UNIT,MAHARASHTRA,Cement,"SOLAPUR GRINDING UNIT, MAHARASHTRA, India",19.5,76,,,,0,,
THE INDIA CEMENTS LTD- PARLI,MAHARASHTRA,Cement,"THE INDIA CEMENTS LTD- PARLI, MAHARASHTRA, India",18.85018,76.53211,,,,0,,
ULTRA TECH CEMENT LTD.-NAGPUR,MAHARASHTRA,Cement,"ULTRA TECH CEMENT LTD.-NAGPUR, MAHARASHTRA, India",21.14631,79.08491,,,,0,,
ULTRATECH- AWARPUR CEMENT WORKS,MAHARASHTRA,Cement,"ULTRATECH- AWARPUR CEMENT WORKS, MAHARASHTRA, India",19.5,76,,,,0,,
ULTRATECH- HOTGI CEMENT WORKS,MAHARASHTRA,Cement,"ULTRATECH- HOTGI CEMENT WORKS, MAHARASHTRA, India",19.5,76,,,,0,,
ULTRATECH- RATNAGIRI CEMENT WORKS,MAHARASHTRA,Cement,"ULTRATECH- RATNAGIRI CEMENT WORKS, MAHARASHTRA, India",19.5,76,,,,0,,
ZUARI CEMENT LTD- SOLAPUR GRINDING UNIT,MAHARASHTRA,Cement,"ZUARI CEMENT LTD- SOLAPUR GRINDING UNIT, MAHARASHTRA, India",19.5,76,,,,0,,
PENNA CEMENT INDUSTRIES LTD-NELLORE,ANDHRA PRADESH,Cement,"PENNA CEMENT INDUSTRIES LTD-NELLORE, ANDHRA PRADESH, India",14.2732876,80.11655904,,,,0.6,11.46,
SWARNAMUKHI CONCRETES,ANDHRA PRADESH,Cement,"SWARNAMUKHI CONCRETES, ANDHRA PRADESH, India",14.56192054,78.85066451,,,,0.21,211,
LAKSHMANAN CEMENTS PRIVATE LIMITED,ANDHRA PRADESH,Cement,"LAKSHMANAN CEMENTS PRIVATE LIMITED, ANDHRA PRADESH, India",13.24323813,79.09924384,,,,0.3066,190,
DALMIA CEMENT (BHARAT) LTD- KADAPA,ANDHRA PRADESH,Cement,"DALMIA CEMENT (BHARAT) LTD- KADAPA, ANDHRA PRADESH, India",15.09349919,78.9684479,,,,0.525,180,
THE INDIA CEMENTS LTD- YERRAGUNTLA,ANDHRA PRADESH,Cement,"THE INDIA CEMENTS LTD- YERRAGUNTLA, ANDHRA PRADESH, India",14.69668261,78.56812579,,,,0.3066,226,
ZUARI CEMENT LTD - YERRAGUNTLA,ANDHRA PRADESH,Cement,"ZUARI CEMENT LTD - YERRAGUNTLA, ANDHRA PRADESH, India",14.6022607,78.52130983,,,,0.1533,233,
THE INDIA CEMENTS LTD- CHILAMKUR WORKS,ANDHRA PRADESH,Cement,"THE INDIA CEMENTS LTD- CHILAMKUR WORKS, ANDHRA PRADESH, India",14.71793534,78.54909233,,,,0.966,224,
ULTRATECH - AP CEMENT WORKS,ANDHRA PRADESH,Cement,"ULTRATECH - AP CEMENT WORKS, ANDHRA PRADESH, India",15.16050467,78.33884613,,,,0.54,285,
PANYAM CEMENT &AMP; MINERAL INDUSTRIES LTD.,ANDHRA PRADESH,Cement,"PANYAM CEMENT &AMP; MINERAL INDUSTRIES LTD., ANDHRA PRADESH, India",15.66575268,78.65008621,,,,0.504,316,
SREE JAYAJOTHI CEMENTS PVT. LTD.,ANDHRA PRADESH,Cement,"SREE JAYAJOTHI CEMENTS PVT. LTD., ANDHRA PRADESH, India",15.48465693,78.41511088,,,,0.3045,286.99,
"ramco ,KOLIMIGUNDLA CEMENT PLANT",ANDHRA PRADESH,Cement,"KOLIMIGUNDLA CEMENT PLANT, ANDHRA PRADESH, India",15.07659481,78.13194247,,,,0.672,272,
PENNA CEMENT INDUSTRIES LTD- TADIPATRI,ANDHRA PRADESH,Cement,"PENNA CEMENT INDUSTRIES LTD- TADIPATRI, ANDHRA PRADESH, India",14.95347469,78.07930433,,,,0.0783,277,
SRI CHAKRA CEMENTS LTD,ANDHRA PRADESH,Cement,"SRI CHAKRA CEMENTS LTD, ANDHRA PRADESH, India",16.38668492,80.4187647,,,,0.294,270,
SAGAR CEMENT LTD - GUDIPADU,ANDHRA PRADESH,Cement,"SAGAR CEMENT LTD - GUDIPADU, ANDHRA PRADESH, India",15.07963732,77.9869283,,,,0.4851,297,
PENNA CEMENT INDUSTRIES LTD- BOYAREDDYPALLI,ANDHRA PRADESH,Cement,"PENNA CEMENT INDUSTRIES LTD- BOYAREDDYPALLI, ANDHRA PRADESH, India",15.06461845,77.95384494,,,,0.84,294,
RAIN CEMENTS LTD- UN- II- LINE I,ANDHRA PRADESH,Cement,"RAIN CEMENTS LTD- UN- II- LINE I, ANDHRA PRADESH, India",15.31465141,77.96035753,,,,0.2625,300,
THE K.C.P. LTD.- MACHERLA,ANDHRA PRADESH,Cement,"THE K.C.P. LTD.- MACHERLA, ANDHRA PRADESH, India",16.60824108,79.47010684,,,,0.882,327,
PARASAKTI CEMENT INDUSTRIES LIMITED,ANDHRA PRADESH,Cement,"PARASAKTI CEMENT INDUSTRIES LIMITED, ANDHRA PRADESH, India",16.62422112,79.50276967,,,,0.2646,335.74,
JSW CEMENT LTD - NANDYAL,ANDHRA PRADESH,Cement,"JSW CEMENT LTD - NANDYAL, ANDHRA PRADESH, India",15.95406704,78.27175128,,,,0.42,312,
ANDHRA CEMENTS LIMITED,ANDHRA PRADESH,Cement,"ANDHRA CEMENTS LIMITED, ANDHRA PRADESH, India",16.72577292,79.73110979,,,,0.3906,312,
THE K.C.P. LTD- MUKTYALA,ANDHRA PRADESH,Cement,"THE K.C.P. LTD- MUKTYALA, ANDHRA PRADESH, India",16.8380688,80.0641135,,,,0.105,337,
NCL INDUSTRIES LTD,ANDHRA PRADESH,Cement,"CEMENT PLANT, ANDHRA PRADESH, India",16.81472931,80.51536547,,,,0.525,339,
BHAVYA CEMENTS PRIVATE LIMITED,ANDHRA PRADESH,Cement,"BHAVYA CEMENTS PRIVATE LIMITED, ANDHRA PRADESH, India",16.93274098,80.01855827,,,,0.126,310,
SAGAR CEMENT LTD - dachepalli,ANDHRA PRADESH,Cement,"DACHEPALLI, ANDHRA PRADESH, India",16.93943597,80.03250346,,,,0.105,329,
THE RAMCO CEMENTS LTD- JAYANTHIPURAM,ANDHRA PRADESH,Cement,"THE RAMCO CEMENTS LTD- JAYANTHIPURAM, ANDHRA PRADESH, India",16.93398949,80.41786179,,,,0.063,376.26,
HEMANDARI CEMENT LTD,ANDHRA PRADESH,Cement,"HEMANDARI CEMENT LTD, ANDHRA PRADESH, India",16.96561946,80.35197837,,,,0.7665,380,
BALAJI CEMENT WORKS,ANDHRA PRADESH,Cement,"BALAJI CEMENT WORKS, ANDHRA PRADESH, India",17.06272545,80.34689521,,,,0.567,402,
MY HOME INDUSTRIES PRIVATE LIMITED -VGU,ANDHRA PRADESH,Cement,"MY HOME INDUSTRIES PRIVATE LIMITED -VGU, ANDHRA PRADESH, India",17.52587422,82.78189657,,,,0.441,600,
"THE RAMCO CEMENTS LIMITED , Vizag Grinding Unit,",ANDHRA PRADESH,Cement,"TEJAINFRA TECH, ANDHRA PRADESH, India",17.61785755,82.89119387,,,,0.285,625.08,
VIZAG GRINDING UNIT,ANDHRA PRADESH,Cement,"VIZAG GRINDING UNIT, ANDHRA PRADESH, India",17.61898247,82.8936857,,,,0.45,620,
VIZAG GRINDING UNIT,ANDHRA PRADESH,Cement,"VIZAG GRINDING UNIT, ANDHRA PRADESH, India",17.62160875,82.89257422,,,,0.285,620,
SAGAR CEMENT LIMITED,ANDHRA PRADESH,Cement,"SAGAR CEMENT LIMITED, ANDHRA PRADESH, India",17.65581929,82.92664969,,,,0.6,624,
THONDEBHAVI CEMENT WORKS,KARNATAKA,Cement,"THONDEBHAVI CEMENT WORKS, KARNATAKA, India",13.58975132,78.03722515,,,,2.3625,389.64,
HEBBAL CEMENTS,KARNATAKA,Cement,"HEBBAL CEMENTS, KARNATAKA, India",13.0140536,77.54848023,,,,0.39,447.38,
KUDITHINI CEMENT WORKS,KARNATAKA,Cement,"KUDITHINI CEMENT WORKS, KARNATAKA, India",15.33615815,77.41384373,,,,0.63,467.07,
ASHTECH INDIA PVT LTD,KARNATAKA,Cement,"ASHTECH INDIA PVT LTD, KARNATAKA, India",16.73616713,78.14712467,,,,1.8,466,
J.K. CEMENT WORKS,KARNATAKA,Cement,"J.K. CEMENT WORKS, KARNATAKA, India",16.31180371,77.5859352,,,,0.36,425.7,
HEIDELBERG CEMENT INDIA LTD- AMMASANDRA,KARNATAKA,Cement,"HEIDELBERG CEMENT INDIA LTD- AMMASANDRA, KARNATAKA, India",13.34876712,76.72835528,,,,0.48,455.98,
JSW CEMENT LTD - VIJAYNAGAR,KARNATAKA,Cement,"JSW CEMENT LTD - VIJAYNAGAR, KARNATAKA, India",15.18001679,76.70083782,,,,1.08,448.97,
MATHOD GRINDING UNIT,KARNATAKA,Cement,"MATHOD GRINDING UNIT, KARNATAKA, India",14.24523666,76.48902432,,,,0.525,409.3,
CHETTINAD CEMENT -KALLUR,KARNATAKA,Cement,"CHETTINAD CEMENT -KALLUR, KARNATAKA, India",11.18728351,78.17981985,,,,0.087,549,
ULTRATECH- GINIGERA CEMENT WORKS (G),KARNATAKA,Cement,"ULTRATECH- GINIGERA CEMENT WORKS (G), KARNATAKA, India",15.50986271,76.58083397,,,,0.153,493.5,
SHREE CEMENT LIMITED - KODLA,KARNATAKA,Cement,"SHREE CEMENT LIMITED - KODLA, KARNATAKA, India",17.12968011,77.53076412,,,,0.825,547.64,
SHRI Balaji Cement and Power,KARNATAKA,Cement,"RP CEMENTS - CHIKKAMANGALORE, KARNATAKA, India",16.78526754,77.11482231,,,,0.63,531.85,
KALBURGI CEMENT PVT LTD,KARNATAKA,Cement,"KALBURGI CEMENT PVT LTD, KARNATAKA, India",17.46698065,77.72412228,,,,1.1445,570,
ULTRATECH- RAJASHREE CEMENT WORKS,KARNATAKA,Cement,"ULTRATECH- RAJASHREE CEMENT WORKS, KARNATAKA, India",17.2948675,77.4683528,,,,1.281,568.41,
KESORAM CEMENT- VASAVADATTA,KARNATAKA,Cement,"KESORAM CEMENT- VASAVADATTA, KARNATAKA, India",17.1594689,77.29332619,,,,0.672,578.39,
ORIENT CEMENT- CHITTAPUR,KARNATAKA,Cement,"ORIENT CEMENT- CHITTAPUR, KARNATAKA, India",17.10648973,77.13503232,,,,1.8165,584.91,
NEW WADI CEMENT WORKS,KARNATAKA,Cement,"NEW WADI CEMENT WORKS, KARNATAKA, India",17.11404126,77.05724962,,,,0.63,575.22,
WADI CEMENT WORKS,KARNATAKA,Cement,"WADI CEMENT WORKS, KARNATAKA, India",17.05940622,76.98326246,,,,0.756,568.14,
BAGALKOT CEMENT &AMP;AMP;AMP;AMP;AMP; INDS.LTD,KARNATAKA,Cement,"BAGALKOT CEMENT &AMP;AMP;AMP;AMP;AMP; INDS.LTD, KARNATAKA, India",16.1792624,75.68147721,,,,0.126,636.36,
SHRI KESHAV CEMENTS AND INFRA LTD.-NAGANAPUR,KARNATAKA,Cement,"SHRI KESHAV CEMENTS AND INFRA LTD.-NAGANAPUR, KARNATAKA, India",16.34765821,75.70782954,,,,0.84,669.04,
YADWAD CEMENTS PVT LTD,KARNATAKA,Cement,"YADWAD CEMENTS PVT LTD, KARNATAKA, India",16.43875963,75.68446438,,,,0.042,657.16,
SHRI KESHAV CEMENTS AND INFRA LTD.-KALADGI,KARNATAKA,Cement,"SHRI KESHAV CEMENTS AND INFRA LTD.-KALADGI, KARNATAKA, India",17.142201,76.121337,,,,0.84,670,
DALMIA CEMENT (BHARAT) LTD - BELGAUM,KARNATAKA,Cement,"DALMIA CEMENT (BHARAT) LTD - BELGAUM, KARNATAKA, India",16.20867904,75.21514188,,,,0.021,682.5,
SHRI KESHAV CEMENTS AND INFRA LTD,KARNATAKA,Cement,"SHRI KESHAV CEMENTS AND INFRA LTD, KARNATAKA, India",15.82891434,74.51979762,,,,0.063,725.31,
ZUARI CEMENT LTD - CHENNAI GRINDING UNIT,TAMIL NADU,Cement,"ZUARI CEMENT LTD - CHENNAI GRINDING UNIT, TAMIL NADU, India",13.26083401,80.30733825,,,,0.3,150,
THE INDIA CEMENTS LTD. - VALLUR,TAMIL NADU,Cement,"THE INDIA CEMENTS LTD. - VALLUR, TAMIL NADU, India",13.27082087,80.3402846,,,,0.672,163.13,
MY HOME INDUSTRIES PRIVATE LIMITED - TGU,TAMIL NADU,Cement,"MY HOME INDUSTRIES PRIVATE LIMITED - TGU, TAMIL NADU, India",13.03781498,80.21375027,,,,0.33,163,
TAMIL NADU CEMENTS CORPN. LTD.- ALANGULAM,TAMIL NADU,Cement,"TAMIL NADU CEMENTS CORPN. LTD.- ALANGULAM, TAMIL NADU, India",13.04043801,80.26734476,,,,0.087,169,
ULTRATECH- ARAKKONAM CEMENT WORKS,TAMIL NADU,Cement,"ULTRATECH- ARAKKONAM CEMENT WORKS, TAMIL NADU, India",13.11544242,79.62153647,,,,0.552,175.62,
THE RAMCO CEMENTS LTD- Chengalpattu,TAMIL NADU,Cement,"DALMIA BHARAT GREEN VISION LTD - SATTUR, TAMIL NADU, India",12.71308953,80.04975113,,,,0.225,230,
THE INDIA CEMENTS LTD- DALAVOI,TAMIL NADU,Cement,"THE INDIA CEMENTS LTD- DALAVOI, TAMIL NADU, India",11.49925703,79.47247309,,,,0.3885,408,
THE RAMCO CEMENTS LTD- SALEM,TAMIL NADU,Cement,"THE RAMCO CEMENTS LTD- SALEM, TAMIL NADU, India",11.7280684,78.74763165,,,,0.735,451,
THE RAMCO CEMENTS LIMITED-ARIYALUR,TAMIL NADU,Cement,"THE RAMCO CEMENTS LIMITED-ARIYALUR, TAMIL NADU, India",11.28074855,79.23317223,,,,0.525,427,
DALMIA CEMENT (BHARAT) LTD- ARIYALUR,TAMIL NADU,Cement,"DALMIA CEMENT (BHARAT) LTD- ARIYALUR, TAMIL NADU, India",11.21070853,79.34852867,,,,0.6,430,
ULTRATECH- REDDIPALAYAM CEMENT WORKS,TAMIL NADU,Cement,"ULTRATECH- REDDIPALAYAM CEMENT WORKS, TAMIL NADU, India",11.10824991,79.1755717,,,,0.336,439,
CHETTINAD CEMENT - ARIYALUR,TAMIL NADU,Cement,"CHETTINAD CEMENT - ARIYALUR, TAMIL NADU, India",11.0646909,79.07211892,,,,0.105,462,
DALMIA CEMENT (BHARAT) LTD- DALMIAPURAM,TAMIL NADU,Cement,"DALMIA CEMENT (BHARAT) LTD- DALMIAPURAM, TAMIL NADU, India",10.96862941,78.94568758,,,,0.063,469,
DHANDAPANI CEMENTS PRIVATE LIMITES,TAMIL NADU,Cement,"DHANDAPANI CEMENTS PRIVATE LIMITES, TAMIL NADU, India",10.94876294,78.74314256,,,,0.42,480,
ULTRATECH CEMENT LIMITED (KARUR CEMENT WORKS),TAMIL NADU,Cement,"ULTRATECH CEMENT LIMITED (KARUR CEMENT WORKS), TAMIL NADU, India",10.95021696,78.69393638,,,,0.693,542,
M/S. VIJAY CEMENTS,TAMIL NADU,Cement,"M/S. VIJAY CEMENTS, TAMIL NADU, India",10.81327345,78.70190081,,,,0.21,464,
CHETTINAD CEMENT - KARIKKALI,TAMIL NADU,Cement,"CHETTINAD CEMENT - KARIKKALI, TAMIL NADU, India",10.71145577,78.09601311,,,,0.315,581,
AMBUJA CEMENTS LIMITED,TAMIL NADU,Cement,"AMBUJA CEMENTS LIMITED, TAMIL NADU, India",10.91184631,76.96338822,,,,0.324,619,
MADHUKKARAI CEMENT WORKS,TAMIL NADU,Cement,"MADHUKKARAI CEMENT WORKS, TAMIL NADU, India",10.91423297,76.94958554,,,,0.21,619,
CHETTINAD CEMENT - PULIYUR,TAMIL NADU,Cement,"CHETTINAD CEMENT - PULIYUR, TAMIL NADU, India",9.768311,78.444771,,,,0.357,539,
MY HOME INDUSTRIES PRIVATE LIMITED - MCW,TELANGANA,Cement,"MY HOME INDUSTRIES PRIVATE LIMITED - MCW, TELANGANA, India",16.81031117,79.92238282,,,,0.525,338,
THE INDIA CEMENTS LTD- RAASI CEMENT,TELANGANA,Cement,"THE INDIA CEMENTS LTD- RAASI CEMENT, TELANGANA, India",16.82440323,79.62165733,,,,0.105,322,
PENNA CEMENT INDUSTRIES LTD- GANESHPAHAD,TELANGANA,Cement,"PENNA CEMENT INDUSTRIES LTD- GANESHPAHAD, TELANGANA, India",16.86434806,79.97497544,,,,0.252,385,
ANJANI PORTLAND CEMENT LTD,TELANGANA,Cement,"ANJANI PORTLAND CEMENT LTD, TELANGANA, India",16.86827338,80.05264701,,,,1.47,351,
DECAN CEMENT LTD,TELANGANA,Cement,"DECAN CEMENT LTD, TELANGANA, India",16.87321892,79.99076828,,,,0.063,334,
KEERTHI INDUSTRIES LTD,TELANGANA,Cement,"KEERTHI INDUSTRIES LTD, TELANGANA, India",16.91788791,80.17532572,,,,0.0756,339,
KAKATIYA CEMENT &AMP;AMP;AMP; SUGAR INDUSTRIES LTD,TELANGANA,Cement,"KAKATIYA CEMENT &AMP;AMP;AMP; SUGAR INDUSTRIES LTD, TELANGANA, India",17.00373853,80.32735176,,,,0.483,408,
MPL CEMENT AND SPONGE PRIVATE LTD,TELANGANA,Cement,"MPL CEMENT AND SPONGE PRIVATE LTD, TELANGANA, India",17.05125909,80.05026457,,,,0.21,372.4,
NCL INDUSTRIES LTD,TELANGANA,Cement,"NCL INDUSTRIES LTD, TELANGANA, India",17.37740507,80.51923109,,,,0.504,339,
THE INDIA CEMENTS LTD- VISAKA CEMENT,TELANGANA,Cement,"THE INDIA CEMENTS LTD- VISAKA CEMENT, TELANGANA, India",17.2725965,78.80081717,,,,0.567,450,
RAIN CEMENTS LTD- UN -I,TELANGANA,Cement,"RAIN CEMENTS LTD- UN -I, TELANGANA, India",17.40378446,78.78238311,,,,0.273,496,
ZUARI CEMENT LTD - SITAPURAM,TELANGANA,Cement,"ZUARI CEMENT LTD - SITAPURAM, TELANGANA, India",17.37368609,78.67704904,,,,1.05,497,
BHARATHI CEMENT CORPN. PVT. LTD,TELANGANA,Cement,"BHARATHI CEMENT CORPN. PVT. LTD, TELANGANA, India",17.41384077,78.44984166,,,,0.42,494,
MY HOME INDUSTRIES PVT LTD UNIT-IV,TELANGANA,Cement,"MY HOME INDUSTRIES PVT LTD UNIT-IV, TELANGANA, India",17.63162804,78.84126292,,,,0.27,534,
Bheema Cement Plant,TELANGANA,Cement,"SAGAR CEMENTS LTD, TELANGANA, India",17.52148766,78.48141324,,,,0.672,503.17,
HINDUSTAN INDUSTRIES,TELANGANA,Cement,"HINDUSTAN INDUSTRIES, TELANGANA, India",17.6575117,78.5041386,,,,0.378,550,
PENNA CEMENT INDUSTRIES LTD- TANDUR,TELANGANA,Cement,"PENNA CEMENT INDUSTRIES LTD- TANDUR, TELANGANA, India",17.29778103,77.5078945,,,,0.273,565,
CEMENT CORPORATION OF INDIA LTD- TANDUR,TELANGANA,Cement,"CEMENT CORPORATION OF INDIA LTD- TANDUR, TELANGANA, India",17.30833066,77.47547291,,,,0.21,569,
KESORAM CEMENT- BASANT NAGAR,TELANGANA,Cement,"KESORAM CEMENT- BASANT NAGAR, TELANGANA, India",18.71217263,79.40580175,,,,0.315,618,
ORIENT CEMENT- DEVAPUR,TELANGANA,Cement,"ORIENT CEMENT- DEVAPUR, TELANGANA, India",19.0343159,79.35388561,,,,0.63,681,
COCHIN CEMENTS LTD,KERALA,Cement,"COCHIN CEMENTS LTD, KERALA, India",10.485458,77.287463,,,,0,,
EUROTECH CEMENTS AND PRODUCTS,KERALA,Cement,"EUROTECH CEMENTS AND PRODUCTS, KERALA, India",11.494771,77.39481,,,,0,,
MALABAR CEMENTS LTD- PALAKKAD,KERALA,Cement,"MALABAR CEMENTS LTD- PALAKKAD, KERALA, India",11.037022,76.68924,,,,0,,
MALABAR CEMENTS LTD- PALLIPURAM,KERALA,Cement,"MALABAR CEMENTS LTD- PALLIPURAM, KERALA, India",11.058551,78.364712,,,,0,,
"Adani Power Limited Kawai TPP,1320 MW",Rajasthan,Power,"Adani Power Limited Kawai TPP,1320 MW, Rajasthan, India",26.58333,73.83333,432.2,Dom + Imp ,,103.73,,76.35
"Anpara C TPS,1200 MW",Uttar Pradesh,Power,"Anpara C TPS,1200 MW, Uttar Pradesh, India",27.25,80.75,217.46,Domestic ,,52.19,,54.4
"Anpara TPS,2630 MW",Uttar Pradesh,Power,"Anpara TPS,2630 MW, Uttar Pradesh, India",27.25,80.75,833.64,Domestic ,,200.07,,80
"Barkhera TPS,90 MW",Uttar Pradesh,Power,"Barkhera TPS,90 MW, Uttar Pradesh, India",27.25,80.75,17.18,Domestic ,,4.12,,27.4
"Chhabra-II TPP,1320 MW",Rajasthan,Power,"Chhabra-II TPP,1320 MW, Rajasthan, India",26.58333,73.83333,441.62,Domestic ,,105.99,,88.86
"Chhabra-I Ph-1 TPP,500 MW",Rajasthan,Power,"Chhabra-I Ph-1 TPP,500 MW, Rajasthan, India",26.58333,73.83333,189.95,Domestic ,,45.59,,44
"Chhabra-I Ph-2 TPP,500 MW",Rajasthan,Power,"Chhabra-I Ph-2 TPP,500 MW, Rajasthan, India",26.58333,73.83333,193.04,Domestic ,,46.33,,110
"Dadri (NCTPP),1820 MW",Uttar Pradesh,Power,"Dadri (NCTPP),1820 MW, Uttar Pradesh, India",27.25,80.75,523.27,Domestic ,,125.59,,122.16
"Ghatampur TPP,660 MW",Uttar Pradesh,Power,"Ghatampur TPP,660 MW, Uttar Pradesh, India",27.25,80.75,169,Domestic ,,40.56,,30
"GH TPS (Leh.Moh.),920 MW",Haryana,Power,"GH TPS (Leh.Moh.),920 MW, Haryana, India",29.25,76.33333,250.37,Domestic ,,60.09,,42
"Goindwal Sahib TPP,540 MW",Punjab,Power,"Goindwal Sahib TPP,540 MW, Punjab, India",30.91667,75.41667,83.76,Domestic ,,20.1,,22.4
"Harduaganj TPS,1265 MW",Uttar Pradesh,Power,"Harduaganj TPS,1265 MW, Uttar Pradesh, India",27.25,80.75,152.04,Domestic ,,36.49,,17
"Indira Gandhi STPP,1500 MW",Haryana,Power,"Indira Gandhi STPP,1500 MW, Haryana, India",29.25,76.33333,320.13,Domestic ,,76.83,,81.429
"Jawaharpur STPP,1320 MW",Uttar Pradesh,Power,"Jawaharpur STPP,1320 MW, Uttar Pradesh, India",27.25,80.75,26.15,Domestic ,,6.28,,50.325
"Kalisindh TPS,1200 MW",Rajasthan,Power,"Kalisindh TPS,1200 MW, Rajasthan, India",26.58333,73.83333,401.89,Domestic ,,96.45,,102
"Khambarkhera TPS,90 MW",Uttar Pradesh,Power,"Khambarkhera TPS,90 MW, Uttar Pradesh, India",27.25,80.75,16.72,Domestic ,,4.01,,25
"Khurja TPP,660 MW",Uttar Pradesh,Power,"Khurja TPP,660 MW, Uttar Pradesh, India",27.25,80.75,94,Domestic ,,22.56,,46.25
"Kota TPS,1240 MW",Rajasthan,Power,"Kota TPS,1240 MW, Rajasthan, India",26.58333,73.83333,511.13,Domestic ,,122.67,,20.9
"Kundarki TPS,90 MW",Uttar Pradesh,Power,"Kundarki TPS,90 MW, Uttar Pradesh, India",27.25,80.75,21.47,Domestic ,,5.15,,113.2
"Lalitpur TPS,1980 MW",Uttar Pradesh,Power,"Lalitpur TPS,1980 MW, Uttar Pradesh, India",27.25,80.75,471.61,Domestic ,,113.19,,45
"Mahatma Gandhi TPS,1320 MW",Haryana,Power,"Mahatma Gandhi TPS,1320 MW, Haryana, India",29.25,76.33333,370.2,Domestic ,,88.85,,30
"Maqsoodpur TPS,90 MW",Uttar Pradesh,Power,"Maqsoodpur TPS,90 MW, Uttar Pradesh, India",27.25,80.75,16.2,Domestic ,,3.89,,60.15
"Meja STPP,1320 MW",Uttar Pradesh,Power,"Meja STPP,1320 MW, Uttar Pradesh, India",27.25,80.75,440.88,Domestic ,,105.81,,
"Obra TPS,1660 MW",Uttar Pradesh,Power,"Obra TPS,1660 MW, Uttar Pradesh, India",27.25,80.75,567.35,Domestic ,,136.16,,
"Panipat TPS,710 MW",Haryana,Power,"Panipat TPS,710 MW, Haryana, India",29.25,76.33333,182.12,Domestic ,,43.71,,
"Parichha TPS,920 MW",Uttar Pradesh,Power,"Parichha TPS,920 MW, Uttar Pradesh, India",27.25,80.75,330.64,Domestic ,,79.35,,
"Prayagraj TPP,1980 MW",Uttar Pradesh,Power,"Prayagraj TPP,1980 MW, Uttar Pradesh, India",27.25,80.75,638.84,Domestic ,,153.32,,
"Rajiv Gandhi TPS,1200 MW",Haryana,Power,"Rajiv Gandhi TPS,1200 MW, Haryana, India",29.25,76.33333,307.73,Domestic ,,73.85,,
"Rajpura TPP,1400 MW",Punjab,Power,"Rajpura TPP,1400 MW, Punjab, India",30.91667,75.41667,309.96,Domestic ,,74.39,,
"Rihand STPS,3000 MW",Uttar Pradesh,Power,"Rihand STPS,3000 MW, Uttar Pradesh, India",27.25,80.75,1042.02,Domestic ,,250.08,,
"Ropar TPS,840 MW",Punjab,Power,"Ropar TPS,840 MW, Punjab, India",30.91667,75.41667,241.87,Domestic ,,58.05,,
"Rosa TPP Ph-I,1200 MW",Uttar Pradesh,Power,"Rosa TPP Ph-I,1200 MW, Uttar Pradesh, India",27.25,80.75,333.08,Import,,15.99,,
"Shree Cement Ltd TPS,300 MW",Rajasthan,Power,"Shree Cement Ltd TPS,300 MW, Rajasthan, India",26.58333,73.83333,54.62,Domestic ,,13.11,,
"Singrauli STPS,2000 MW",Uttar Pradesh,Power,"Singrauli STPS,2000 MW, Uttar Pradesh, India",27.25,80.75,807.68,Domestic ,,193.84,,
"Suratgarh STPS,1320 MW",Rajasthan,Power,"Suratgarh STPS,1320 MW, Rajasthan, India",26.58333,73.83333,424.11,Domestic ,,101.79,,
"Suratgarh TPS,1500 MW",Rajasthan,Power,"Suratgarh TPS,1500 MW, Rajasthan, India",26.58333,73.83333,452.37,Domestic ,,108.57,,
"Talwandi Sabo TPP,1980 MW",Punjab,Power,"Talwandi Sabo TPP,1980 MW, Punjab, India",30.91667,75.41667,574.58,Domestic ,,137.9,,
"Tanda TPS,1760 MW",Uttar Pradesh,Power,"Tanda TPS,1760 MW, Uttar Pradesh, India",27.25,80.75,671.48,Domestic ,,161.16,,
"Unchahar TPS,1550 MW",Uttar Pradesh,Power,"Unchahar TPS,1550 MW, Uttar Pradesh, India",27.25,80.75,545.13,Domestic ,,130.83,,
"Utraula TPS,90 MW",Uttar Pradesh,Power,"Utraula TPS,90 MW, Uttar Pradesh, India",27.25,80.75,24.75,Domestic ,,5.94,,
"Yamuna Nagar TPS,600 MW",Haryana,Power,"Yamuna Nagar TPS,600 MW, Haryana, India",29.25,76.33333,235.67,Domestic ,,56.56,,
"Adani Power Limited Mundra TPP - III,1980 MW",Gujarat,Power,"Adani Power Limited Mundra TPP - III,1980 MW, Gujarat, India",23,71.75,519.17,Import,,24.92,,
"Adani Power Limited Mundra TPP - I & II,2640 MW",Gujarat,Power,"Adani Power Limited Mundra TPP - I & II,2640 MW, Gujarat, India",23,71.75,758.83,Import,,36.42,,
"Adani Power Limited Raigarh TPP,600 MW",Chhattisgarh,Power,"Adani Power Limited Raigarh TPP,600 MW, Chhattisgarh, India",21.5,82,279,Domestic ,,66.96,,
"Adani Power Limited Raipur TPP,1370 MW",Chhattisgarh,Power,"Adani Power Limited Raipur TPP,1370 MW, Chhattisgarh, India",21.5,82,601,Domestic ,,144.24,,
"Adani Power Limited Tiroda TPP,3300 MW",Maharashtra,Power,"Adani Power Limited Tiroda TPP,3300 MW, Maharashtra, India",19.5,76,1127.94,Domestic ,,270.7,,
"Akaltara TPS,1800 MW",Chhattisgarh,Power,"Akaltara TPS,1800 MW, Chhattisgarh, India",21.5,82,592.65,Domestic ,,142.24,,
"Amarkantak Ext TPS,210 MW",Chhattisgarh,Power,"Amarkantak Ext TPS,210 MW, Chhattisgarh, India",21.5,82,79.97,Domestic ,,19.19,,
"Amravati TPS,1350 MW",Maharashtra,Power,"Amravati TPS,1350 MW, Maharashtra, India",19.5,76,520.87,Domestic ,,125.01,,
"Anuppur TPP,1250 MW",Madhya Pradesh,Power,"Anuppur TPP,1250 MW, Madhya Pradesh, India",23.5,78.5,492.7,Domestic ,,118.25,,
"Balco TPS,600 MW",Chhattisgarh,Power,"Balco TPS,600 MW, Chhattisgarh, India",21.5,82,223.72,Domestic ,,53.69,,
"Bandakhar TPP,300 MW",Chhattisgarh,Power,"Bandakhar TPP,300 MW, Chhattisgarh, India",21.5,82,81.94,Domestic ,,19.67,,
"Baradarha TPS,1200 MW",Chhattisgarh,Power,"Baradarha TPS,1200 MW, Chhattisgarh, India",21.5,82,488.33,Domestic ,,117.2,,
"Bela TPS,270 MW",Madhya Pradesh,Power,"Bela TPS,270 MW, Madhya Pradesh, India",23.5,78.5,88.89,Domestic ,,21.33,,
"Bhilai TPS,500 MW",Chhattisgarh,Power,"Bhilai TPS,500 MW, Chhattisgarh, India",21.5,82,224.3,Domestic ,,53.83,,
"Bhusawal TPS,1870 MW",Maharashtra,Power,"Bhusawal TPS,1870 MW, Maharashtra, India",19.5,76,759.96,Dom + Imp ,,182.39,,
"Bina TPS,500 MW",Madhya Pradesh,Power,"Bina TPS,500 MW, Madhya Pradesh, India",23.5,78.5,109.35,Domestic ,,26.24,,
"Binjkote TPP,600 MW",Chhattisgarh,Power,"Binjkote TPP,600 MW, Chhattisgarh, India",21.5,82,265.94,Domestic ,,63.83,,
"Butibori TPP,600 MW",Maharashtra,Power,"Butibori TPP,600 MW, Maharashtra, India",19.5,76,0,Domestic ,,0,,
"Chakabura TPP,30 MW",Chhattisgarh,Power,"Chakabura TPP,30 MW, Chhattisgarh, India",21.5,82,41.04,Domestic ,,9.85,,
"Chandrapur (Maharashtra) STPS,2920 MW",Maharashtra,Power,"Chandrapur (Maharashtra) STPS,2920 MW, Maharashtra, India",19.5,76,820.99,Dom + Imp ,,197.04,,
"Dahanu TPS,500 MW",Maharashtra,Power,"Dahanu TPS,500 MW, Maharashtra, India",19.5,76,150.73,Domestic ,,36.17,,
"Dhariwal TPP,600 MW",Maharashtra,Power,"Dhariwal TPP,600 MW, Maharashtra, India",19.5,76,235.09,Domestic ,,56.42,,
"DSPM TPS,500 MW",Madhya Pradesh,Power,"DSPM TPS,500 MW, Madhya Pradesh, India",23.5,78.5,219.24,Domestic ,,52.62,,
"Gadarwara TPP,1600 MW",Madhya Pradesh,Power,"Gadarwara TPP,1600 MW, Madhya Pradesh, India",23.5,78.5,545.61,Domestic ,,130.95,,
"Gandhi Nagar TPS,630 MW",Gujarat,Power,"Gandhi Nagar TPS,630 MW, Gujarat, India",23,71.75,76.86,Domestic ,,18.45,,
"GEPL TPP Ph-I,120 MW",Gujarat,Power,"GEPL TPP Ph-I,120 MW, Gujarat, India",23,71.75,0,Domestic ,,0,,
"GMR Warora TPS,600 MW",Maharashtra,Power,"GMR Warora TPS,600 MW, Maharashtra, India",19.5,76,233.39,Domestic ,,56.01,,
"JSW Ratnagiri TPP,300 MW",Maharashtra,Power,"JSW Ratnagiri TPP,300 MW, Maharashtra, India",19.5,76,80.64,Import,,3.87,,
"Kasaipalli TPP,270 MW",Chhattisgarh,Power,"Kasaipalli TPP,270 MW, Chhattisgarh, India",21.5,82,135.91,Domestic ,,32.62,,
"Katghora TPP,35 MW",Chhattisgarh,Power,"Katghora TPP,35 MW, Chhattisgarh, India",21.5,82,0,Domestic ,,0,,
"Khaparkheda TPS,1340 MW",Maharashtra,Power,"Khaparkheda TPS,1340 MW, Maharashtra, India",19.5,76,562.92,Dom + Imp ,,135.1,,
"Khargone STPP,1320 MW",Madhya Pradesh,Power,"Khargone STPP,1320 MW, Madhya Pradesh, India",23.5,78.5,421.83,Domestic ,,101.24,,
"Koradi TPS,2190 MW",Maharashtra,Power,"Koradi TPS,2190 MW, Maharashtra, India",19.5,76,742.16,Domestic ,,178.12,,
"Korba STPS,2600 MW",Chhattisgarh,Power,"Korba STPS,2600 MW, Chhattisgarh, India",21.5,82,1116.4,Domestic ,,267.94,,
"Korba-West TPS,1340 MW",Chhattisgarh,Power,"Korba-West TPS,1340 MW, Chhattisgarh, India",21.5,82,551.17,Domestic ,,132.28,,
"Lara TPP,1600 MW",Chhattisgarh,Power,"Lara TPP,1600 MW, Chhattisgarh, India",21.908715,83.448843,706.28,Domestic ,,169.51,,
"Mahan TPP,1200 MW",Madhya Pradesh,Power,"Mahan TPP,1200 MW, Madhya Pradesh, India",23.5,78.5,461.44,Domestic ,,110.75,,
"Marwa TPS,1000 MW",Chhattisgarh,Power,"Marwa TPS,1000 MW, Chhattisgarh, India",21.5,82,367.66,Domestic ,,88.24,,
"Mauda TPS,2320 MW",Maharashtra,Power,"Mauda TPS,2320 MW, Maharashtra, India",19.5,76,898.55,Domestic ,,215.65,,
"Mihan TPS,246 MW",Maharashtra,Power,"Mihan TPS,246 MW, Maharashtra, India",19.5,76,0,Domestic ,,0,,
"Mundra UMTPP,4000 MW",Gujarat,Power,"Mundra UMTPP,4000 MW, Gujarat, India",23,71.75,846.21,Import,,40.62,,
"Nasik (P) TPS,1350 MW",Maharashtra,Power,"Nasik (P) TPS,1350 MW, Maharashtra, India",19.5,76,0,Domestic ,,0,,
"Nasik TPS,630 MW",Maharashtra,Power,"Nasik TPS,630 MW, Maharashtra, India",19.5,76,219.36,Domestic ,,52.65,,
"Nawapara TPP,600 MW",Chhattisgarh,Power,"Nawapara TPP,600 MW, Chhattisgarh, India",21.5,82,235.27,Domestic ,,56.47,,
"Nigri TPP,1320 MW",Madhya Pradesh,Power,"Nigri TPP,1320 MW, Madhya Pradesh, India",23.5,78.5,461.71,Domestic ,,110.81,,
"Niwari TPP,90 MW",Madhya Pradesh,Power,"Niwari TPP,90 MW, Madhya Pradesh, India",23.5,78.5,47.62,Domestic ,,11.43,,
"OP Jindal TPS,1000 MW",Chhattisgarh,Power,"OP Jindal TPS,1000 MW, Chhattisgarh, India",21.5,82,389.12,Domestic ,,93.39,,
"Paras TPS,500 MW",Maharashtra,Power,"Paras TPS,500 MW, Maharashtra, India",19.5,76,206.22,Domestic ,,49.49,,
"Parli TPS,750 MW",Maharashtra,Power,"Parli TPS,750 MW, Maharashtra, India",19.5,76,269.15,Domestic ,,64.6,,
"Pathadi TPP,600 MW",Chhattisgarh,Power,"Pathadi TPP,600 MW, Chhattisgarh, India",21.5,82,254.04,Domestic ,,60.97,,
"Ratija TPS,100 MW",Madhya Pradesh,Power,"Ratija TPS,100 MW, Madhya Pradesh, India",23.5,78.5,50.93,Domestic ,,12.22,,
"Sabarmati (D-F Stations),362 MW",Gujarat,Power,"Sabarmati (D-F Stations),362 MW, Gujarat, India",23,71.75,90.26,Domestic ,,21.66,,
"Salaya TPP,1200 MW",Gujarat,Power,"Salaya TPP,1200 MW, Gujarat, India",23,71.75,167.09,Import,,8.02,,
"Salora TPP,135 MW",Gujarat,Power,"Salora TPP,135 MW, Gujarat, India",23,71.75,0,Domestic ,,0,,
"Sanjay Gandhi TPS,1340 MW",Madhya Pradesh,Power,"Sanjay Gandhi TPS,1340 MW, Madhya Pradesh, India",23.5,78.5,446.07,Domestic ,,107.06,,
"Sasan UMTPP,3960 MW",Madhya Pradesh,Power,"Sasan UMTPP,3960 MW, Madhya Pradesh, India",23.5,78.5,1319.13,Domestic ,,316.59,,
"Satpura TPS,1330 MW",Madhya Pradesh,Power,"Satpura TPS,1330 MW, Madhya Pradesh, India",23.5,78.5,215.83,Domestic ,,51.8,,
"Seioni TPP,600 MW",Maharashtra,Power,"Seioni TPP,600 MW, Maharashtra, India",19.5,76,226.98,Domestic ,,54.47,,
"Shirpur TPP,300 MW",Maharashtra,Power,"Shirpur TPP,300 MW, Maharashtra, India",19.5,76,44.49,Domestic ,,10.68,,
"Shree Singaji TPP,2520 MW",Madhya Pradesh,Power,"Shree Singaji TPP,2520 MW, Madhya Pradesh, India",23.5,78.5,882.46,Domestic ,,211.79,,
"Sikka Rep. TPS,500 MW",Gujarat,Power,"Sikka Rep. TPS,500 MW, Gujarat, India",23,71.75,82.02,Import,,3.94,,
"Sipat STPS,2980 MW",Chhattisgarh,Power,"Sipat STPS,2980 MW, Chhattisgarh, India",21.5,82,1169.62,Domestic ,,280.71,,
"Solapur STPS,1320 MW",Maharashtra,Power,"Solapur STPS,1320 MW, Maharashtra, India",19.5,76,431.13,Domestic ,,103.47,,
"SVPL TPP,63 MW",Maharashtra,Power,"SVPL TPP,63 MW, Maharashtra, India",19.5,76,53.09,Domestic ,,12.74,,
"Swastik Korba TPP,25 MW",Chhattisgarh,Power,"Swastik Korba TPP,25 MW, Chhattisgarh, India",21.5,82,0,Domestic ,,0,,
"Tamnar TPP,2400 MW",Chhattisgarh,Power,"Tamnar TPP,2400 MW, Chhattisgarh, India",21.5,82,1202.94,Domestic ,,288.71,,
"Trombay TPS,750 MW",Maharashtra,Power,"Trombay TPS,750 MW, Maharashtra, India",19.5,76,144.56,Import,,6.94,,
"Uchpinda TPP,1440 MW",Chhattisgarh,Power,"Uchpinda TPP,1440 MW, Chhattisgarh, India",21.5,82,442.66,Domestic ,,106.24,,
"Ukai TPS,1110 MW",Gujarat,Power,"Ukai TPS,1110 MW, Gujarat, India",23,71.75,297.27,Domestic ,,71.34,,
"Vindhyachal STPS,4760 MW",Madhya Pradesh,Power,"Vindhyachal STPS,4760 MW, Madhya Pradesh, India",23.5,78.5,1893.77,Domestic ,,454.51,,
"Wanakbori TPS,2270 MW",Gujarat,Power,"Wanakbori TPS,2270 MW, Gujarat, India",23,71.75,478.32,Domestic ,,114.8,,
"Wardha Warora TPP,540 MW",Maharashtra,Power,"Wardha Warora TPP,540 MW, Maharashtra, India",19.5,76,193.43,Domestic ,,46.42,,
"Bakreswar TPS,1050 MW",West Bengal,Power,"Bakreswar TPS,1050 MW, West Bengal, India",23.830034,87.452316,431.05,Domestic ,,103.45,,
"Bandel TPS,270 MW",West Bengal,Power,"Bandel TPS,270 MW, West Bengal, India",24,88,111.02,Domestic ,,26.64,,
"Barauni TPS,710 MW",Bihar,Power,"Barauni TPS,710 MW, Bihar, India",25.75,85.75,192.77,Domestic ,,46.26,,
"Barh STPS,2640 MW",Bihar,Power,"Barh STPS,2640 MW, Bihar, India",25.75,85.75,843.4,Domestic ,,202.41,,
"Bokaro TPS `A` Exp,500 MW",Jharkhand,Power,"Bokaro TPS `A` Exp,500 MW, Jharkhand, India",23.75,85.5,141.09,Domestic ,,33.86,,
"Budge Budge TPS,750 MW",West Bengal,Power,"Budge Budge TPS,750 MW, West Bengal, India",24,88,272.7,Domestic ,,65.45,,
"Chandrapura (DVC) TPS,500 MW",Jharkhand,Power,"Chandrapura (DVC) TPS,500 MW, Jharkhand, India",23.75,85.5,193.86,Domestic ,,46.53,,
"Darlipali STPS,1600 MW",Odisha,Power,"Darlipali STPS,1600 MW, Odisha, India",20.5,84.41667,767.9,Domestic ,,184.3,,
"Derang TPP,1200 MW",Odisha,Power,"Derang TPP,1200 MW, Odisha, India",20.5,84.41667,461.17,Domestic ,,110.68,,
"Dishergarh TPP,12 MW",West Bengal,Power,"Dishergarh TPP,12 MW, West Bengal, India",24,88,0,Domestic ,,0,,
"DPL TPS,550 MW",West Bengal,Power,"DPL TPS,550 MW, West Bengal, India",24,88,251.62,Domestic ,,60.39,,
"Durgapur Steel TPS,1000 MW",West Bengal,Power,"Durgapur Steel TPS,1000 MW, West Bengal, India",24,88,305.91,Domestic ,,73.42,,
"Farakka STPS,2100 MW",West Bengal,Power,"Farakka STPS,2100 MW, West Bengal, India",24,88,834.18,Domestic ,,200.2,,
"Haldia TPP,600 MW",West Bengal,Power,"Haldia TPP,600 MW, West Bengal, India",24,88,251.56,Domestic ,,60.37,,
"Hiranmaye TPP,300 MW",West Bengal,Power,"Hiranmaye TPP,300 MW, West Bengal, India",24,88,129.03,Domestic ,,30.97,,
"IB Valley TPS,1740 MW",Odisha,Power,"IB Valley TPS,1740 MW, Odisha, India",20.5,84.41667,666.89,Domestic ,,160.05,,
"Jojobera TPS,240 MW",Jharkhand,Power,"Jojobera TPS,240 MW, Jharkhand, India",23.75,85.5,77.59,Domestic ,,18.62,,
"JSW Energy Utkal Limited,350 MW",Odisha,Power,"JSW Energy Utkal Limited,350 MW, Odisha, India",20.5,84.41667,109,Domestic ,,26.16,,
"Kahalgaon TPS,2340 MW",Bihar,Power,"Kahalgaon TPS,2340 MW, Bihar, India",25.75,85.75,1084.75,Domestic ,,260.34,,
"Kamalanga TPS,1050 MW",Odisha,Power,"Kamalanga TPS,1050 MW, Odisha, India",20.5,84.41667,504.52,Domestic ,,121.08,,
"Koderma TPP,1000 MW",Jharkhand,Power,"Koderma TPP,1000 MW, Jharkhand, India",23.75,85.5,396.48,Domestic ,,95.16,,
"Kolaghat TPS,840 MW",West Bengal,Power,"Kolaghat TPS,840 MW, West Bengal, India",24,88,290.78,Domestic ,,69.79,,
"Maadurga Thermal Power Company Ltd.,60 MW",Jharkhand,Power,"Maadurga Thermal Power Company Ltd.,60 MW, Jharkhand, India",23.75,85.5,30,Domestic ,,7.2,,
"Mahadev Prasad STPP,540 MW",Jharkhand,Power,"Mahadev Prasad STPP,540 MW, Jharkhand, India",23.75,85.5,233.2,Domestic ,,55.97,,
"Maithon RB TPP,1050 MW",Jharkhand,Power,"Maithon RB TPP,1050 MW, Jharkhand, India",23.75,85.5,359.15,Domestic ,,86.2,,
"Mejia TPS,2340 MW",West Bengal,Power,"Mejia TPS,2340 MW, West Bengal, India",24,88,766.16,Domestic ,,183.88,,
"Muzaffarpur TPS,390 MW",Bihar,Power,"Muzaffarpur TPS,390 MW, Bihar, India",25.75,85.75,147.13,Domestic ,,35.31,,
"Nabinagar STPP,1980 MW",Bihar,Power,"Nabinagar STPP,1980 MW, Bihar, India",25.75,85.75,708.6,Domestic ,,170.06,,
"Nabinagar TPP,1000 MW",Bihar,Power,"Nabinagar TPP,1000 MW, Bihar, India",25.75,85.75,400.69,Domestic ,,96.17,,
"North Karanpura TPP,1320 MW",Jharkhand,Power,"North Karanpura TPP,1320 MW, Jharkhand, India",23.75,85.5,556.85,Domestic ,,133.64,,
"Raghunathpur TPP,1200 MW",West Bengal,Power,"Raghunathpur TPP,1200 MW, West Bengal, India",24,88,404.36,Domestic ,,97.05,,
"Sagardighi TPS,1600 MW",West Bengal,Power,"Sagardighi TPS,1600 MW, West Bengal, India",24,88,435.97,Domestic ,,104.63,,
"Santaldih TPS,500 MW",West Bengal,Power,"Santaldih TPS,500 MW, West Bengal, India",24,88,217.65,Domestic ,,52.24,,
"Southern Repl. TPS,135 MW",West Bengal,Power,"Southern Repl. TPS,135 MW, West Bengal, India",24,88,0,Domestic ,,0,,
"Talcher STPS,3000 MW",Odisha,Power,"Talcher STPS,3000 MW, Odisha, India",20.5,84.41667,1171.59,Domestic ,,281.18,,
"Tenughat TPS,420 MW",Jharkhand,Power,"Tenughat TPS,420 MW, Jharkhand, India",23.75,85.5,137.23,Domestic ,,32.94,,
"Titagarh TPS,240 MW",West Bengal,Power,"Titagarh TPS,240 MW, West Bengal, India",24,88,0,Domestic ,,0,,
"Vedanta TPP,600 MW",Odisha,Power,"Vedanta TPP,600 MW, Odisha, India",20.5,84.41667,43.75,Domestic ,,10.5,,
"Bongaigaon TPP,750 MW",Assam,Power,"Bongaigaon TPP,750 MW, Assam, India",26,93,249.51,Domestic ,,59.88,,
"MEENAKSHI ENERGY - VEDANTA POWER,300 MW",Andhra Pradesh,Power,"Thamminapatnam TPS,300 MW, Andhra Pradesh, India",14.21622939,80.08945027,0,Domestic ,1.10,,0,
"Simhapuri TPS,600 MW, Andhra Pradesh, India",Andhra Pradesh,Power,"Simhapuri TPS,600 MW, Andhra Pradesh, India",14.20656589,80.08777772,114.49,Import,0.38,,1.93,
"Damodaram Sanjeevaiah TPS,2400 MW, Andhra Pradesh, India",Andhra Pradesh,Power,"Damodaram Sanjeevaiah TPS,2400 MW, Andhra Pradesh, India",14.32817005,80.12051094,725.08,Domestic ,1.29,,20.72,
"Sembcorp Eenrgy India Ltd.1  TPP,1320 MW, Andhra Pradesh, India",ANDHRA PRADESH,Power,"Sembcorp Eenrgy India Ltd.1  TPP,1320 MW, Andhra Pradesh, India",14.34478432,80.1452835,494.16,Dom + Imp ,1.74,,25.76,
"Sembcorp Eenrgy India Ltd.2 TPP,1320 MW, Andhra Pradesh, India",ANDHRA PRADESH,Power,"Sembcorp Eenrgy India Ltd.2 TPP,1320 MW, Andhra Pradesh, India",14.34478432,80.1452835,494.16,Dom + Imp ,0.75,,25.76,
"Rayalaseema TPS,1650 MW, Andhra Pradesh, India",Andhra Pradesh,Power,"Rayalaseema TPS,1650 MW, Andhra Pradesh, India",14.71229025,78.46475101,648.64,Domestic ,3.00,,218.82,
"Dr. N. Tata Rao TPS,2560 MW, Andhra Pradesh, India",Andhra Pradesh,Power,"Dr. N. Tata Rao TPS,2560 MW, Andhra Pradesh, India",16.60036767,80.53736114,969.38,Domestic ,4.29,,333.2,
"Simhadri,2000 MW, Andhra Pradesh, India",Andhra Pradesh,Power,"Simhadri,2000 MW, Andhra Pradesh, India",17.59638721,83.08778313,846.71,Domestic ,3.49,,635.97,
"Raichur TPS,1720 MW, Karnataka, India",Karnataka,Power,"Raichur TPS,1720 MW, Karnataka, India",16.36057937,77.34040526,551.38,Domestic ,2.38,,468.17,
"Bellary TPS,1700 MW, Karnataka, India",Karnataka,Power,"Bellary TPS,1700 MW, Karnataka, India",15.192726,76.710916,423.18,Domestic ,2.36,,450.05,
"Torangallu TPS (SBU-II),600 MW, Karnataka, India",Karnataka,Power,"Torangallu TPS (SBU-II),600 MW, Karnataka, India",15.18447839,76.66268157,115.58,Import,1.28,,453.68,
"Yermarus TPP,1600 MW, Karnataka, India",Karnataka,Power,"Yermarus TPP,1600 MW, Karnataka, India",14.66667,75.83333,398.58,Domestic ,0.21,,464,
"NTPCKudgi STPP,2400 MW, Karnataka, India",Karnataka,Power,"Kudgi STPP,2400 MW, Karnataka, India",16.49699984,75.84281253,728.7,Domestic ,2.22,,650.82,
"Adani Power Limited Udupi TPP,1200 MW, Karnataka, India",Karnataka,Power,"Adani Power Limited Udupi TPP,1200 MW, Karnataka, India",13.163701,74.812379,272.11,Domestic ,0.04,,739.27,
"OPG Power Generation Private Limited,414 MW, Tamil Nadu, India",Tamil Nadu,Power,"OPG Power Generation Private Limited,414 MW, Tamil Nadu, India",13.44113937,80.10069546,141.24,Dom + Imp ,0.18,,115.43,
"North Chennai TPS,1830 MW, Tamil Nadu, India",Tamil Nadu,Power,"North Chennai TPS,1830 MW, Tamil Nadu, India",13.24711921,80.31943595,541.65,Domestic ,2.75,,159.28,
"NTPC Tamilnadu Energy Vallur TPP,1500 MW, Tamil Nadu, India",Tamil Nadu,Power,"Vallur TPP,1500 MW, Tamil Nadu, India",13.2362317,80.30611834,622.89,Domestic ,2.95,,161.72,
"ITPCL TPP,1200 MW, Andhra Pradesh, India",Tamil Nadu,Power,"ITPCL TPP,1200 MW, Andhra Pradesh, India",11.52275703,79.75236718,365.07,Domestic ,2.57,,367,
"Mettur TPS - II,600 MW, Tamil Nadu, India",Tamil Nadu,Power,"Mettur TPS - II,600 MW, Tamil Nadu, India",11.77695847,77.82176844,228,Domestic ,1.66,,451.97,
"Mettur TPS,840 MW, Tamil Nadu, India",Tamil Nadu,Power,Neyveli Lignite TPS-1 Expn. 420W,11.61593528,79.45853657,,Domestic ,0.87,,450.69,
Neyveli Lignite TPS-1 Expn. 420W,Tamil Nadu,Power,"Neyveli Lignite TPS-2,1470W",11.61593528,79.45853657,,Domestic ,0.23,,363.89,
"Neyveli Lignite TPS-2,1470W",Tamil Nadu,Power,Neyveli Lignite TPS-2 Expn.500W,11.61593528,79.45853657,,Domestic ,0.77,,363.89,
Neyveli Lignite TPS-2 Expn.500W,Tamil Nadu,Power,"Neyveli New TPS, NLC , 1000W",11.61593528,79.45853657,,Domestic ,0.14,,363.89,
"Neyveli New TPS, NLC , 1000W",Tamil Nadu,Power,"Mettur TPS,840 MW, Tamil Nadu, India",11.77117646,77.81376555,292.24,Domestic ,0.45,,363.89,
"Tuticorin TPP St-IV,525 MW, Tamil Nadu, India",Tamil Nadu,Power,"Tuticorin TPP St-IV,525 MW, Tamil Nadu, India",8.762745463,78.17708785,132.1,Import,0.06,,789.68,
"Tuticorin TPS,1050 MW, Tamil Nadu, India",Tamil Nadu,Power,"Tuticorin TPS,1050 MW, Tamil Nadu, India",8.762650031,78.17661579,560.81,Domestic ,1.94,,789.64,
"NTPL Tuticorin TPP,1000 MW, Tamil Nadu, India",Tamil Nadu,Power,"NTPL Tuticorin TPP,1000 MW, Tamil Nadu, India",8.758776855,78.18337205,345.68,Domestic ,2.00,,789.36,
"SITAPURAM TPS , 43W,Donda Padu, Telangana",Telangana,Power,"SITAPURAM TPS , 43W,Donda Padu, Telangana",16.83075648,80.04110542,,Domestic ,0.10,,353.29,
"Kothagudem TPS (Stage-7),800 MW, Telangana, India",Telangana,Power,"Kothagudem TPS (Stage-7),800 MW, Telangana, India",17.61050736,80.6986962,226.38,Domestic ,0.77,,467.02,
"Kothagudem TPS (New),1000 MW, Telangana, India",Telangana,Power,"Kothagudem TPS (New),1000 MW, Telangana, India",17.62216832,80.70114415,364.86,Domestic ,2.32,,468.24,
"Bhadradri TPP,1080 MW, Telangana, India",Telangana,Power,"Bhadradri TPP,1080 MW, Telangana, India",18.0215414,80.73767632,305.25,Domestic ,1.92,,525.81,
"Kakatiya TPS,1100 MW, Telangana, India",Telangana,Power,"Kakatiya TPS,1100 MW, Telangana, India",18.38357652,79.82601567,392.6,Domestic ,1.64,,564.11,
"Ramagundem STPS,2600 MW, Telangana, India",Telangana,Power,"Ramagundem STPS,2600 MW, Telangana, India",18.7510861,79.47339408,838.13,Domestic ,4.33,,635.29,
"Ramagundem-B TPS,62.5 MW, Telangana, India",Telangana,Power,"Ramagundem-B TPS,62.5 MW, Telangana, India",18.75513305,79.45614961,0,Domestic ,0.08,,636.03,
"Singareni TPP,1200 MW, Telangana, India",Telangana,Power,"Singareni TPP,1200 MW, Telangana, India",18.83553595,79.57372778,486.17,Domestic ,2.07,,654.53,
ULTRATECH READY MIX CONCRETE PLANT,Andhra Pradesh,RMC,,14.3593265,79.97502515,,,,0,34,
(SGRMC) Ganesh Ready Mix concrete,Andhra Pradesh,RMC,,14.36141178,79.94210581,,,,0,35,
Sri Vishnu Ready Mix Concrete,Andhra Pradesh,RMC,,14.45902476,80.02081647,,,,0,37,
Guru Raghavendra Infrastructures,Andhra Pradesh,RMC,,14.47278372,80.01902077,,,,0,38,
MK CONCRETE (READY MIX CONCRETE PLANT),Andhra Pradesh,RMC,,14.43335024,80.0840278,,,,0,44,
Sri CPR RMC,Andhra Pradesh,RMC,,13.58875613,80.02891022,,,,0,94,
UltraTech RMC Tirupati,Andhra Pradesh,RMC,,13.63542607,79.51524444,,,,0,110,
AMAZEH RMC(Ready Mix Concrete),Andhra Pradesh,RMC,"AK Enterprises, Chennai, Tamil Nadu, India",13.61496192,79.49452761,,,,0,113,
Tejas Arts,Andhra Pradesh,RMC,"AK Enterprises & Infra, Chennai, Tamil Nadu, India",13.33413996,80.19424857,,,,0,130,
Datchayani RMC,Tamil Nadu,RMC,"Alphacap Trade Platform Private Limited, Chennai, Tamil Nadu, India",13.28581854,80.23942661,,,,0,138,
Unik Enterprises,Tamil Nadu,RMC,,13.22165223,80.17247259,,,,0,140,
Metro Readymix Concrete,Tamil Nadu,RMC,"Beta Readymix Concrete, Chennai, Tamil Nadu, India",13.2078695,80.19578221,,,,0,143,
Beta Readymix Concrete,Tamil Nadu,RMC,,13.19100773,80.21073001,,,,0,144,
Sri Vinayaka Steel Corporation,Tamil Nadu,RMC,,13.19574668,79.09414648,,,,0,147,
CEMIX Concrete Company| Ready Mix Concrete Ramco,Tamil Nadu,RMC,"Brickbus Technologies Private Limited, Chennai, Tamil Nadu, India",13.14521422,80.23641404,,,,0,150,
Global Green Enterprises,Tamil Nadu,RMC,"Build And Grow, Chennai, Tamil Nadu, India",13.20646901,80.27853977,,,,0,151,
MARS RMC,Tamil Nadu,RMC,,13.23064274,80.15938404,,,,0,151,
Desire Readymix Concrete,Tamil Nadu,RMC,"Costa Agency, Chennai, Tamil Nadu, India",13.12892131,80.23244521,,,,0,152,
Jayadhitya Groups,Tamil Nadu,RMC,"Cubecrete AAC Products Private Limited, Chennai, Tamil Nadu, India",13.24167857,80.04627446,,,,0,154,
NSN Enterprises,Tamil Nadu,RMC,"Datchayani RMC, Chennai, Tamil Nadu, India",12.95726343,80.21180808,,,,0,192,
BISMILLAH READY MIX CONCRETE,Tamil Nadu,RMC,"Desire Readymix Concrete, Chennai, Tamil Nadu, India",13.18078837,80.25620139,,,,0,155,
Saravana Ready Mix Concrete,Tamil Nadu,RMC,"Esswar Mineral Industries, Chennai, Tamil Nadu, India",12.96938051,80.2138967,,,,0,179,
Aniruth Ready Mx concrete…,Tamil Nadu,RMC,"Global Green Enterprises, Chennai, Tamil Nadu, India",13.18272186,80.27863798,,,,0,156,
Micro Readymix Concrete,Tamil Nadu,RMC,,13.02825772,80.13637259,,,,0,169,
Realmix Construction,Tamil Nadu,RMC,"Indian Concrete Company, Chennai, Tamil Nadu, India",13.10211813,80.09563968,,,,0,159,
The Chennai Concrete,Tamil Nadu,RMC,"Iswarya Nandhini Enterprises, Chennai, Tamil Nadu, India",12.95283916,80.20356833,,,,0,192,
Shan Building Products Private Limited,Tamil Nadu,RMC,"Jayadhitya Groups, Chennai, Tamil Nadu, India",13.07782951,80.1711893,,,,0,160,
AK Enterprises,Tamil Nadu,RMC,"K & T Enterprises, Chennai, Tamil Nadu, India",13.07732547,80.17672061,,,,0,160,
Sakthivel Blue Metal,Tamil Nadu,RMC,"Landmark Concrete, Chennai, Tamil Nadu, India",12.97416294,80.12671008,,,,0,185,
UltraTech Cement ltd-RMC division,Tamil Nadu,RMC,"Maha Readymix Concrete, Chennai, Tamil Nadu, India",13.07754075,80.17340511,,,,0,164,
Sukra RMC,Tamil Nadu,RMC,,13.02806755,80.20211395,,,,0,165,
Maha Readymix Concrete,Tamil Nadu,RMC,"Mcube Readymix Private Limited, Chennai, Tamil Nadu, India",13.02509952,80.15705119,,,,0,168,
India Cements Ltd(Rmc division),Tamil Nadu,RMC,"Metro Readymix Concrete, Chennai, Tamil Nadu, India",13.05434356,80.17296292,,,,0,168,
Rdc concrete India Pvt Ltd,Tamil Nadu,RMC,"Micro Readymix Concrete, Chennai, Tamil Nadu, India",13.11774539,80.12812739,,,,0,168,
Premix Concrete Company,Tamil Nadu,RMC,"NSN Enterprises, Chennai, Tamil Nadu, India",13.40669825,79.98891904,,,,0,170,
Mcube Readymix Private Limited,Tamil Nadu,RMC,"P.S.Blue Metals (Firm), Chennai, Tamil Nadu, India",13.08083465,80.10968981,,,,0,170,
Iswarya Nandhini Enterprises,Tamil Nadu,RMC,"Pandian Traders, Chennai, Tamil Nadu, India",13.0414512,80.28761649,,,,0,170,
Aditya Concrete,Tamil Nadu,RMC,"Premix Concrete Company, Chennai, Tamil Nadu, India",13.0770563,80.23262371,,,,0,170,
Sun-X Concrete - Ready Mix Concrete,Tamil Nadu,RMC,"Prime Mix Concrete, Chennai, Tamil Nadu, India",13.06748856,80.12167103,,,,0,170,
Vetrivel Readymix,Tamil Nadu,RMC,,13.03614515,80.10651343,,,,0,172,
Indian Concrete Company,Tamil Nadu,RMC,,13.00399463,80.09449522,,,,0,174,
Prime Mix Concrete,Tamil Nadu,RMC,,13.00620646,80.09374786,,,,0,176,
RTI READYMIX CONCRETE,Tamil Nadu,RMC,"Realmix Construction, Chennai, Tamil Nadu, India",13.00919913,80.1266384,,,,0,176,
AMAZE CONCRETE PRODUCTS PVT LTD,Tamil Nadu,RMC,"Rithika Traders, Chennai, Tamil Nadu, India",13.02683161,80.25348992,,,,0,176,
Concrete OEM - Unit 1,Tamil Nadu,RMC,"S V Enterprises, Chennai, Tamil Nadu, India",13.02489695,80.16622993,,,,0,177,
P.S.Blue Metals (Firm),Tamil Nadu,RMC,"SA Enterprises, Chennai, Tamil Nadu, India",13.00778427,80.17367219,,,,0,184,
Ramco Cement - Dry Mix division,Tamil Nadu,RMC,"Sakthivel Blue Metal, Chennai, Tamil Nadu, India",13.03143298,80.13343,,,,0,193,
ULTRATECH RMC PLANTS,Tamil Nadu,RMC,"Sanveh Infra, Tiruvallur, Tamil Nadu, India",12.8781783,80.2498432,,,,0,205,
Boson Readymix Concrete,Tamil Nadu,RMC,"Saravana Ready Mix Concrete, Chennai, Tamil Nadu, India",12.84835065,80.21681694,,,,0,208,
LCC Readymix Concrete Pvt. Ltd.,Tamil Nadu,RMC,"Shan Building Products Private Limited, Chennai, Tamil Nadu, India",16.46855702,80.56452951,,,,0,293,
India Cements Ltd-5,Tamil Nadu,RMC,"Sri Srinivasa Blue Metals Supply, Chennai, Tamil Nadu, India",13.03057656,78.08670336,,,,0,372,
Rajampet-Gudur Road,Andhra Pradesh,Road Dev,,14.2,79.63663526,,,,0,45,76.35
Nellore-Podalakuru-Saidapuram Road,Andhra Pradesh,Road Dev,,14.42545951,79.95904398,,,,0,65,54.4
Kavali-Udayagiri-Seetharampuram,Andhra Pradesh,Road Dev,,14.87749921,79.33221535,,,,0,90,80
Kalavagunta-Nendragunta Road,Andhra Pradesh,Road Dev,,13.40811565,79.16908116,,,,0,110,27.4
Mydukuru-Taticherla Road,Andhra Pradesh,Road Dev,,15.03472038,78.9908599,,,,0,120,88.86
Ananthapur,Andhra Pradesh,Road Dev,,14.68372153,77.59987021,,,,0,125,44
Ananthapur & Kadapa,Andhra Pradesh,Road Dev,,14.5682651,77.97209756,,,,0,153,110
Chagalamarri-Proddatur-Yerraguntla Road,Andhra Pradesh,Road Dev,,14.675004,78.5447665,,,,0,160,122.16
Ananthapur,Andhra Pradesh,Road Dev,,14.65798151,77.58356238,,,,0,214,30
Guntur-Parchur Road,Andhra Pradesh,Road Dev,,16.13169934,80.32709181,,,,0,220,42
Narasaraopet-Sattenapalli Road,Andhra Pradesh,Road Dev,,16.3195855,80.09201852,,,,0,250,22.4
Ananthapur,Andhra Pradesh,Road Dev,,13.46822331,79.11690072,,,,0,252,17
Vodarevu-Narasaraopet-Piduguralla Road,Andhra Pradesh,Road Dev,,15.95106252,80.30616867,,,,0,280,81.429
Bhimavaram - Gudivada road,Andhra Pradesh,Road Dev,,16.54524316,81.51974493,,,,0,300.3,50.325
Rajahmundry - Maredumilli - Bhadrachalam Road,Andhra Pradesh,Road Dev,,17.22589729,81.84864172,,,,0,335.4,102
Vijayawada- Nuzvid Road,Andhra Pradesh,Road Dev,,16.44229263,80.88707679,,,,0,361,25
Eluru- Kaikaluru Road,Andhra Pradesh,Road Dev,,16.66145005,80.74898878,,,,0,374.5,46.25
"West Godavari & Krishna , Eluru- Kaikaluru Road",Andhra Pradesh,Road Dev,,16.62226496,81.15058111,,,,0,385,20.9
ECR from Kudimiyandithoppu near Chennai to Koonimedu,Tamil Nadu,Road Dev,,12.78878744,80.24280419,,,,0,300,113.2
"Chennai-Mamalapuram , Rajiv Gandhi Salai - IT corridor",Tamil Nadu,Road Dev,,12.85414096,80.22857487,,,,0,165,45
Chennai Ennore Port Road Connectivity Project,Tamil Nadu,Road Dev,,13.21149085,80.31622807,,,,0,180,30
Chennai Outer Ring Road (CORR) ,Tamil Nadu,Road Dev,,13.04791022,80.08461291,,,,0,165,60.15